brand,title,year,cover,file
AndCosta,Catalogue,2023,images/catalogues/andcosta-catalogue-2023.jpg,
AndCosta,LookBook brochure,2023,images/catalogues/andcosta-lookbook-brochure-2023.jpg,
Aqlus,7 catalogue,,images/catalogues/aqlus-aqlus-7-catalogue.jpg,
Biffi Luce,Square catalogue,2023,images/catalogues/biffi-luce-square-catalogue-2023.jpg,
Electron,Catalogue,2026,images/catalogues/electron-catalogue-2026.jpg,
Esse-Ci,Catalogue,2025,images/catalogues/esse-ci-catalogue-2025.jpg,
Esse-Ci,Catalogue,2024,images/catalogues/esse-ci-catalogue-2024.jpg,
Esse-Ci,Retail brochure,2022,images/catalogues/esse-ci-retail-brochure-2022.jpg,
Esse-Ci,Flip brochure,,images/catalogues/esse-ci-flip-brochure.jpg,
Holectron,Catalogue,2024,images/catalogues/holectron-catalogue-2024.jpg,
Holectron,Atlantis brochure,,images/catalogues/holectron-atlantis-brochure.jpg,
Holectron,Neman Mesh brochure,,images/catalogues/holectron-neman-mesh-brochure.jpg,
Holectron,Neman Shapes brochure,,images/catalogues/holectron-neman-shapes-brochure.jpg,
Holectron,Neman Wall Closed brochure,,images/catalogues/holectron-neman-wall-closed-brochure.jpg,
Holectron,Outdoor brochure,,images/catalogues/holectron-outdoor-brochure.jpg,
Holectron,Sleeves IP65 brochure,,images/catalogues/holectron-sleeves-ip65-brochure.jpg,
Holectron,Ula brochure,,images/catalogues/holectron-ula-brochure.jpg,
Holectron,Venta brochure,,images/catalogues/holectron-venta-brochure.jpg,
Holectron,Inground Radius brochure,2025,images/catalogues/holectron-inground-radius-specification.jpg,images/inground-radius/datasheets/inground-radius-specification.pdf
Karizma Luce,Catalogue,2024,images/catalogues/karizma-luce-catalogue-2024.jpg,
LLD Light,Catalogue,2026,images/catalogues/lld-light-catalogue-2026.jpg,
Macrolux,New products catalogue,2024,images/catalogues/macrolux-new-products-catalogue-2024.jpg,
Macrolux,Arc Decor catalogue,2023,images/catalogues/macrolux-arc-decor-catalogue-2023.jpg,
Macrolux,Products catalogue,2022,images/catalogues/macrolux-products-catalogue-2022.jpg,
Macrolux,Profiles catalogue,2022,images/catalogues/macrolux-profiles-catalogue-2022.jpg,
MCI Light,Catalogue,2026–2027,images/catalogues/mci-light-catalogue-2026-2027.jpg,
O/M,Catalogue,2023,images/catalogues/o-m-catalogue-2023.jpg,
O/M,Sys brochure,,images/catalogues/o-m-sys-brochure.jpg,
O/M,Onit brochure,,images/catalogues/o-m-onit-brochure.jpg,
Rovasi,Catalogue,2026,images/catalogues/rovasi-catalogue-2026.jpg,
Rovasi,Brochure,2024,images/catalogues/rovasi-brochure-2024.jpg,
