name,logo,website
Alphabet Lights,images/partners/alphabet-lights.png,https://alphabetlights.com
AndCosta,images/partners/and-costa.svg,https://www.andcosta.com
Aqlus,images/partners/aqlus.svg,https://www.aqlus.com
Biffi Luce,images/partners/biffi-luce.svg,https://www.biffiluce.eu
Electron,images/partners/electron.svg,https://electron.gr
Esse-Ci,images/partners/esse-ci.svg,https://www.esse-ci.com
Exporlux,images/partners/exporlux.png,https://www.exporlux.pt/inicio
Holectron,images/partners/holectron.svg,https://www.holectron.com
Karizma Luce,images/partners/karizma-luce.svg,https://karizmaluce.com
Leds-On,images/partners/leds-on.svg,https://ledson.eu
LLD Light,images/partners/lld-light.svg,https://www.lldlight.it
Macrolux,images/partners/macrolux.svg,https://macrolux.eu
MCI Light,images/partners/mci-light.svg,https://home.mcilight.com/en/Catalog
O/M,images/partners/om.svg,https://www.om-light.com
Rovasi,images/partners/rovasi.svg,https://www.rovasi.com
PAN,images/partners/pan.png,https://www.panint.it
PUK,images/partners/puk.svg,https://puk.it
