family,brand,environment,category,tagline,description,specification,cct,cri,control,ip,finishes,drawing,new,images,slides,dimensions,dimensions_note,model,code,model_finish,model_image,model_cct,model_cri,model_control,model_ip,model_ugr,model_details,power,flux,efficacy,beam,downloads
Teres Pro PC,Esse-Ci,Interior,Track Mounted,Slim 50mm track spot with the driver hidden in the track adaptor.,"Compact die-cast aluminium track spotlight with a CoB LED source and interchangeable PC lens optics. The driver is fully concealed in the track adaptor, keeping the head to just 50mm diameter.","PC lens optics 15° | 24° | 36° | 50°. In-track driver (housed in the track adaptor). CoB LED. MacAdam 3. L90/B10 >50,000h. Eye safety RG0/RG1. UGR<19. Die-cast aluminium, epoxy powder coat (wrinkled finish). Standard 230–240V 50–60Hz, PF>0.97; DALI (suffix D) and Bluetooth (suffix BT) versions. Colour suffix W = White RAL 9003, BK = Black RAL 9005; other colours on request. 2700K (K27) and 5000K (K5) on request. CE, ETL. Energy class E. 5-year warranty.",3000K | 4000K,CRI>90 (CRI>95 on request),On/Off | DALI | Bluetooth,IP40,White RAL 9003 | Black RAL 9005,track,Yes,images/teres-pro-pc.jpg;images/teres-pro-pc-dimensions.jpg;images/teres-pro-pc-24-photometric.jpg;images/teres-pro-pc-50-photometric.jpg,,images/teres-pro-pc-dimensions.jpg,Head Ø50mm; driver housed in the track adaptor. See catalogue extract for full dimensions.,Teres Pro PC 15W 15° 4000K,14PC15K415W,White RAL 9003,images/teres-pro-pc.jpg,4000K,CRI>90,On/Off,IP40,UGR<19,Ø50mm head · in-track driver,15W,1695lm,113lm/W,15°,Datasheet=https://www.esse-ci.com/en/dettaglio-prodotto/?code=14PC15K415&product_id=75783&wiring=standard;Brochure=https://www.esse-ci.com/wp-content/uploads/TERES_PRO-ID_14_EN.pdf;Installation=https://www.esse-ci.com/wp-content/uploads/ISTRSPR_TERES-PRO_Binario.pdf;LDT=https://www.esse-ci.com/wp-content/uploads/TERES_PRO.zip
Teres Pro PC,,,,,,,,,,,,,,,,,,Teres Pro PC 15W 15° 4000K,14PC15K415BK,Black RAL 9005,,4000K,CRI>90,On/Off,IP40,UGR<19,Ø50mm head · in-track driver,15W,1695lm,113lm/W,15°,Datasheet=https://www.esse-ci.com/en/dettaglio-prodotto/?code=14PC15K415&product_id=75783&wiring=standard;Brochure=https://www.esse-ci.com/wp-content/uploads/TERES_PRO-ID_14_EN.pdf;Installation=https://www.esse-ci.com/wp-content/uploads/ISTRSPR_TERES-PRO_Binario.pdf;LDT=https://www.esse-ci.com/wp-content/uploads/TERES_PRO.zip
Teres Pro PC,,,,,,,,,,,,,,,,,,Teres Pro PC 15W 15° 4000K DALI,14PC15K415DW,White RAL 9003,images/teres-pro-pc.jpg,4000K,CRI>90,DALI,IP40,UGR<19,Ø50mm head · in-track driver,15W,1695lm,113lm/W,15°,Datasheet=files/esse-ci/14PC15K415D.pdf;Brochure=https://www.esse-ci.com/wp-content/uploads/TERES_PRO-ID_14_EN.pdf;Installation=https://www.esse-ci.com/wp-content/uploads/ISTRSPR_TERES-PRO_Binario.pdf;LDT=https://www.esse-ci.com/wp-content/uploads/TERES_PRO.zip
Teres Pro PC,,,,,,,,,,,,,,,,,,Teres Pro PC 15W 15° 4000K DALI,14PC15K415DBK,Black RAL 9005,,4000K,CRI>90,DALI,IP40,UGR<19,Ø50mm head · in-track driver,15W,1695lm,113lm/W,15°,Datasheet=files/esse-ci/14PC15K415D.pdf;Brochure=https://www.esse-ci.com/wp-content/uploads/TERES_PRO-ID_14_EN.pdf;Installation=https://www.esse-ci.com/wp-content/uploads/ISTRSPR_TERES-PRO_Binario.pdf;LDT=https://www.esse-ci.com/wp-content/uploads/TERES_PRO.zip
Teres Pro PC,,,,,,,,,,,,,,,,,,Teres Pro PC 15W 15° 4000K Bluetooth,14PC15K415BTW,White RAL 9003,images/teres-pro-pc.jpg,4000K,CRI>90,Bluetooth,IP40,UGR<19,Ø50mm head · in-track driver,15W,1695lm,113lm/W,15°,Datasheet=https://www.esse-ci.com/en/dettaglio-prodotto/?code=14PC15K415&product_id=75783&wiring=bluetooth;Brochure=https://www.esse-ci.com/wp-content/uploads/TERES_PRO-ID_14_EN.pdf;Installation=https://www.esse-ci.com/wp-content/uploads/ISTRSPR_TERES-PRO_Binario.pdf;LDT=https://www.esse-ci.com/wp-content/uploads/TERES_PRO.zip
Teres Pro PC,,,,,,,,,,,,,,,,,,Teres Pro PC 15W 15° 4000K Bluetooth,14PC15K415BTBK,Black RAL 9005,,4000K,CRI>90,Bluetooth,IP40,UGR<19,Ø50mm head · in-track driver,15W,1695lm,113lm/W,15°,Datasheet=https://www.esse-ci.com/en/dettaglio-prodotto/?code=14PC15K415&product_id=75783&wiring=bluetooth;Brochure=https://www.esse-ci.com/wp-content/uploads/TERES_PRO-ID_14_EN.pdf;Installation=https://www.esse-ci.com/wp-content/uploads/ISTRSPR_TERES-PRO_Binario.pdf;LDT=https://www.esse-ci.com/wp-content/uploads/TERES_PRO.zip
Teres Pro PC,,,,,,,,,,,,,,,,,,Teres Pro PC 15W 24° 4000K,14PC15K424W,White RAL 9003,images/teres-pro-pc.jpg,4000K,CRI>90,On/Off,IP40,UGR<19,Ø50mm head · in-track driver,15W,1695lm,113lm/W,24°,Datasheet=https://www.esse-ci.com/en/dettaglio-prodotto/?code=14PC15K424&product_id=75783&wiring=standard;Brochure=https://www.esse-ci.com/wp-content/uploads/TERES_PRO-ID_14_EN.pdf;Installation=https://www.esse-ci.com/wp-content/uploads/ISTRSPR_TERES-PRO_Binario.pdf;LDT=https://www.esse-ci.com/wp-content/uploads/TERES_PRO.zip
Teres Pro PC,,,,,,,,,,,,,,,,,,Teres Pro PC 15W 24° 4000K,14PC15K424BK,Black RAL 9005,,4000K,CRI>90,On/Off,IP40,UGR<19,Ø50mm head · in-track driver,15W,1695lm,113lm/W,24°,Datasheet=https://www.esse-ci.com/en/dettaglio-prodotto/?code=14PC15K424&product_id=75783&wiring=standard;Brochure=https://www.esse-ci.com/wp-content/uploads/TERES_PRO-ID_14_EN.pdf;Installation=https://www.esse-ci.com/wp-content/uploads/ISTRSPR_TERES-PRO_Binario.pdf;LDT=https://www.esse-ci.com/wp-content/uploads/TERES_PRO.zip
Teres Pro PC,,,,,,,,,,,,,,,,,,Teres Pro PC 15W 24° 4000K DALI,14PC15K424DW,White RAL 9003,images/teres-pro-pc.jpg,4000K,CRI>90,DALI,IP40,UGR<19,Ø50mm head · in-track driver,15W,1695lm,113lm/W,24°,Datasheet=https://www.esse-ci.com/en/dettaglio-prodotto/?code=14PC15K424&product_id=75783&wiring=dimmable;Brochure=https://www.esse-ci.com/wp-content/uploads/TERES_PRO-ID_14_EN.pdf;Installation=https://www.esse-ci.com/wp-content/uploads/ISTRSPR_TERES-PRO_Binario.pdf;LDT=https://www.esse-ci.com/wp-content/uploads/TERES_PRO.zip
Teres Pro PC,,,,,,,,,,,,,,,,,,Teres Pro PC 15W 24° 4000K DALI,14PC15K424DBK,Black RAL 9005,,4000K,CRI>90,DALI,IP40,UGR<19,Ø50mm head · in-track driver,15W,1695lm,113lm/W,24°,Datasheet=https://www.esse-ci.com/en/dettaglio-prodotto/?code=14PC15K424&product_id=75783&wiring=dimmable;Brochure=https://www.esse-ci.com/wp-content/uploads/TERES_PRO-ID_14_EN.pdf;Installation=https://www.esse-ci.com/wp-content/uploads/ISTRSPR_TERES-PRO_Binario.pdf;LDT=https://www.esse-ci.com/wp-content/uploads/TERES_PRO.zip
Teres Pro PC,,,,,,,,,,,,,,,,,,Teres Pro PC 15W 24° 4000K Bluetooth,14PC15K424BTW,White RAL 9003,images/teres-pro-pc.jpg,4000K,CRI>90,Bluetooth,IP40,UGR<19,Ø50mm head · in-track driver,15W,1695lm,113lm/W,24°,Datasheet=https://www.esse-ci.com/en/dettaglio-prodotto/?code=14PC15K424&product_id=75783&wiring=bluetooth;Brochure=https://www.esse-ci.com/wp-content/uploads/TERES_PRO-ID_14_EN.pdf;Installation=https://www.esse-ci.com/wp-content/uploads/ISTRSPR_TERES-PRO_Binario.pdf;LDT=https://www.esse-ci.com/wp-content/uploads/TERES_PRO.zip
Teres Pro PC,,,,,,,,,,,,,,,,,,Teres Pro PC 15W 24° 4000K Bluetooth,14PC15K424BTBK,Black RAL 9005,,4000K,CRI>90,Bluetooth,IP40,UGR<19,Ø50mm head · in-track driver,15W,1695lm,113lm/W,24°,Datasheet=https://www.esse-ci.com/en/dettaglio-prodotto/?code=14PC15K424&product_id=75783&wiring=bluetooth;Brochure=https://www.esse-ci.com/wp-content/uploads/TERES_PRO-ID_14_EN.pdf;Installation=https://www.esse-ci.com/wp-content/uploads/ISTRSPR_TERES-PRO_Binario.pdf;LDT=https://www.esse-ci.com/wp-content/uploads/TERES_PRO.zip
Teres Pro PC,,,,,,,,,,,,,,,,,,Teres Pro PC 15W 36° 4000K,14PC15K436W,White RAL 9003,images/teres-pro-pc.jpg,4000K,CRI>90,On/Off,IP40,UGR<19,Ø50mm head · in-track driver,15W,1695lm,113lm/W,36°,Datasheet=https://www.esse-ci.com/en/dettaglio-prodotto/?code=14PC15K436&product_id=75783&wiring=standard;Brochure=https://www.esse-ci.com/wp-content/uploads/TERES_PRO-ID_14_EN.pdf;Installation=https://www.esse-ci.com/wp-content/uploads/ISTRSPR_TERES-PRO_Binario.pdf;LDT=https://www.esse-ci.com/wp-content/uploads/TERES_PRO.zip
Teres Pro PC,,,,,,,,,,,,,,,,,,Teres Pro PC 15W 36° 4000K,14PC15K436BK,Black RAL 9005,,4000K,CRI>90,On/Off,IP40,UGR<19,Ø50mm head · in-track driver,15W,1695lm,113lm/W,36°,Datasheet=https://www.esse-ci.com/en/dettaglio-prodotto/?code=14PC15K436&product_id=75783&wiring=standard;Brochure=https://www.esse-ci.com/wp-content/uploads/TERES_PRO-ID_14_EN.pdf;Installation=https://www.esse-ci.com/wp-content/uploads/ISTRSPR_TERES-PRO_Binario.pdf;LDT=https://www.esse-ci.com/wp-content/uploads/TERES_PRO.zip
Teres Pro PC,,,,,,,,,,,,,,,,,,Teres Pro PC 15W 36° 4000K DALI,14PC15K436DW,White RAL 9003,images/teres-pro-pc.jpg,4000K,CRI>90,DALI,IP40,UGR<19,Ø50mm head · in-track driver,15W,1695lm,113lm/W,36°,Datasheet=https://www.esse-ci.com/en/dettaglio-prodotto/?code=14PC15K436&product_id=75783&wiring=dimmable;Brochure=https://www.esse-ci.com/wp-content/uploads/TERES_PRO-ID_14_EN.pdf;Installation=https://www.esse-ci.com/wp-content/uploads/ISTRSPR_TERES-PRO_Binario.pdf;LDT=https://www.esse-ci.com/wp-content/uploads/TERES_PRO.zip
Teres Pro PC,,,,,,,,,,,,,,,,,,Teres Pro PC 15W 36° 4000K DALI,14PC15K436DBK,Black RAL 9005,,4000K,CRI>90,DALI,IP40,UGR<19,Ø50mm head · in-track driver,15W,1695lm,113lm/W,36°,Datasheet=https://www.esse-ci.com/en/dettaglio-prodotto/?code=14PC15K436&product_id=75783&wiring=dimmable;Brochure=https://www.esse-ci.com/wp-content/uploads/TERES_PRO-ID_14_EN.pdf;Installation=https://www.esse-ci.com/wp-content/uploads/ISTRSPR_TERES-PRO_Binario.pdf;LDT=https://www.esse-ci.com/wp-content/uploads/TERES_PRO.zip
Teres Pro PC,,,,,,,,,,,,,,,,,,Teres Pro PC 15W 36° 4000K Bluetooth,14PC15K436BTW,White RAL 9003,images/teres-pro-pc.jpg,4000K,CRI>90,Bluetooth,IP40,UGR<19,Ø50mm head · in-track driver,15W,1695lm,113lm/W,36°,Datasheet=https://www.esse-ci.com/en/dettaglio-prodotto/?code=14PC15K436&product_id=75783&wiring=bluetooth;Brochure=https://www.esse-ci.com/wp-content/uploads/TERES_PRO-ID_14_EN.pdf;Installation=https://www.esse-ci.com/wp-content/uploads/ISTRSPR_TERES-PRO_Binario.pdf;LDT=https://www.esse-ci.com/wp-content/uploads/TERES_PRO.zip
Teres Pro PC,,,,,,,,,,,,,,,,,,Teres Pro PC 15W 36° 4000K Bluetooth,14PC15K436BTBK,Black RAL 9005,,4000K,CRI>90,Bluetooth,IP40,UGR<19,Ø50mm head · in-track driver,15W,1695lm,113lm/W,36°,Datasheet=https://www.esse-ci.com/en/dettaglio-prodotto/?code=14PC15K436&product_id=75783&wiring=bluetooth;Brochure=https://www.esse-ci.com/wp-content/uploads/TERES_PRO-ID_14_EN.pdf;Installation=https://www.esse-ci.com/wp-content/uploads/ISTRSPR_TERES-PRO_Binario.pdf;LDT=https://www.esse-ci.com/wp-content/uploads/TERES_PRO.zip
Teres Pro PC,,,,,,,,,,,,,,,,,,Teres Pro PC 15W 50° 4000K,14PC15K450W,White RAL 9003,images/teres-pro-pc.jpg,4000K,CRI>90,On/Off,IP40,UGR<19,Ø50mm head · in-track driver,15W,1695lm,113lm/W,50°,Datasheet=https://www.esse-ci.com/en/dettaglio-prodotto/?code=14PC15K450&product_id=75783&wiring=standard;Brochure=https://www.esse-ci.com/wp-content/uploads/TERES_PRO-ID_14_EN.pdf;Installation=https://www.esse-ci.com/wp-content/uploads/ISTRSPR_TERES-PRO_Binario.pdf;LDT=https://www.esse-ci.com/wp-content/uploads/TERES_PRO.zip
Teres Pro PC,,,,,,,,,,,,,,,,,,Teres Pro PC 15W 50° 4000K,14PC15K450BK,Black RAL 9005,,4000K,CRI>90,On/Off,IP40,UGR<19,Ø50mm head · in-track driver,15W,1695lm,113lm/W,50°,Datasheet=https://www.esse-ci.com/en/dettaglio-prodotto/?code=14PC15K450&product_id=75783&wiring=standard;Brochure=https://www.esse-ci.com/wp-content/uploads/TERES_PRO-ID_14_EN.pdf;Installation=https://www.esse-ci.com/wp-content/uploads/ISTRSPR_TERES-PRO_Binario.pdf;LDT=https://www.esse-ci.com/wp-content/uploads/TERES_PRO.zip
Teres Pro PC,,,,,,,,,,,,,,,,,,Teres Pro PC 15W 50° 4000K DALI,14PC15K450DW,White RAL 9003,images/teres-pro-pc.jpg,4000K,CRI>90,DALI,IP40,UGR<19,Ø50mm head · in-track driver,15W,1695lm,113lm/W,50°,Datasheet=https://www.esse-ci.com/en/dettaglio-prodotto/?code=14PC15K450&product_id=75783&wiring=dimmable;Brochure=https://www.esse-ci.com/wp-content/uploads/TERES_PRO-ID_14_EN.pdf;Installation=https://www.esse-ci.com/wp-content/uploads/ISTRSPR_TERES-PRO_Binario.pdf;LDT=https://www.esse-ci.com/wp-content/uploads/TERES_PRO.zip
Teres Pro PC,,,,,,,,,,,,,,,,,,Teres Pro PC 15W 50° 4000K DALI,14PC15K450DBK,Black RAL 9005,,4000K,CRI>90,DALI,IP40,UGR<19,Ø50mm head · in-track driver,15W,1695lm,113lm/W,50°,Datasheet=https://www.esse-ci.com/en/dettaglio-prodotto/?code=14PC15K450&product_id=75783&wiring=dimmable;Brochure=https://www.esse-ci.com/wp-content/uploads/TERES_PRO-ID_14_EN.pdf;Installation=https://www.esse-ci.com/wp-content/uploads/ISTRSPR_TERES-PRO_Binario.pdf;LDT=https://www.esse-ci.com/wp-content/uploads/TERES_PRO.zip
Teres Pro PC,,,,,,,,,,,,,,,,,,Teres Pro PC 15W 50° 4000K Bluetooth,14PC15K450BTW,White RAL 9003,images/teres-pro-pc.jpg,4000K,CRI>90,Bluetooth,IP40,UGR<19,Ø50mm head · in-track driver,15W,1695lm,113lm/W,50°,Datasheet=https://www.esse-ci.com/en/dettaglio-prodotto/?code=14PC15K450&product_id=75783&wiring=bluetooth;Brochure=https://www.esse-ci.com/wp-content/uploads/TERES_PRO-ID_14_EN.pdf;Installation=https://www.esse-ci.com/wp-content/uploads/ISTRSPR_TERES-PRO_Binario.pdf;LDT=https://www.esse-ci.com/wp-content/uploads/TERES_PRO.zip
Teres Pro PC,,,,,,,,,,,,,,,,,,Teres Pro PC 15W 50° 4000K Bluetooth,14PC15K450BTBK,Black RAL 9005,,4000K,CRI>90,Bluetooth,IP40,UGR<19,Ø50mm head · in-track driver,15W,1695lm,113lm/W,50°,Datasheet=https://www.esse-ci.com/en/dettaglio-prodotto/?code=14PC15K450&product_id=75783&wiring=bluetooth;Brochure=https://www.esse-ci.com/wp-content/uploads/TERES_PRO-ID_14_EN.pdf;Installation=https://www.esse-ci.com/wp-content/uploads/ISTRSPR_TERES-PRO_Binario.pdf;LDT=https://www.esse-ci.com/wp-content/uploads/TERES_PRO.zip
Teres Pro PC,,,,,,,,,,,,,,,,,,Teres Pro PC 21W 15° 4000K,14PC21K415W,White RAL 9003,images/teres-pro-pc.jpg,4000K,CRI>90,On/Off,IP40,UGR<19,Ø50mm head · in-track driver,21W,2373lm,113lm/W,15°,Datasheet=https://www.esse-ci.com/en/dettaglio-prodotto/?code=14PC21K415&product_id=75783&wiring=standard;Brochure=https://www.esse-ci.com/wp-content/uploads/TERES_PRO-ID_14_EN.pdf;Installation=https://www.esse-ci.com/wp-content/uploads/ISTRSPR_TERES-PRO_Binario.pdf;LDT=https://www.esse-ci.com/wp-content/uploads/TERES_PRO.zip
Teres Pro PC,,,,,,,,,,,,,,,,,,Teres Pro PC 21W 15° 4000K,14PC21K415BK,Black RAL 9005,,4000K,CRI>90,On/Off,IP40,UGR<19,Ø50mm head · in-track driver,21W,2373lm,113lm/W,15°,Datasheet=https://www.esse-ci.com/en/dettaglio-prodotto/?code=14PC21K415&product_id=75783&wiring=standard;Brochure=https://www.esse-ci.com/wp-content/uploads/TERES_PRO-ID_14_EN.pdf;Installation=https://www.esse-ci.com/wp-content/uploads/ISTRSPR_TERES-PRO_Binario.pdf;LDT=https://www.esse-ci.com/wp-content/uploads/TERES_PRO.zip
Teres Pro PC,,,,,,,,,,,,,,,,,,Teres Pro PC 21W 15° 4000K DALI,14PC21K415DW,White RAL 9003,images/teres-pro-pc.jpg,4000K,CRI>90,DALI,IP40,UGR<19,Ø50mm head · in-track driver,21W,2373lm,113lm/W,15°,Datasheet=https://www.esse-ci.com/en/dettaglio-prodotto/?code=14PC21K415&product_id=75783&wiring=dimmable;Brochure=https://www.esse-ci.com/wp-content/uploads/TERES_PRO-ID_14_EN.pdf;Installation=https://www.esse-ci.com/wp-content/uploads/ISTRSPR_TERES-PRO_Binario.pdf;LDT=https://www.esse-ci.com/wp-content/uploads/TERES_PRO.zip
Teres Pro PC,,,,,,,,,,,,,,,,,,Teres Pro PC 21W 15° 4000K DALI,14PC21K415DBK,Black RAL 9005,,4000K,CRI>90,DALI,IP40,UGR<19,Ø50mm head · in-track driver,21W,2373lm,113lm/W,15°,Datasheet=https://www.esse-ci.com/en/dettaglio-prodotto/?code=14PC21K415&product_id=75783&wiring=dimmable;Brochure=https://www.esse-ci.com/wp-content/uploads/TERES_PRO-ID_14_EN.pdf;Installation=https://www.esse-ci.com/wp-content/uploads/ISTRSPR_TERES-PRO_Binario.pdf;LDT=https://www.esse-ci.com/wp-content/uploads/TERES_PRO.zip
Teres Pro PC,,,,,,,,,,,,,,,,,,Teres Pro PC 21W 15° 4000K Bluetooth,14PC21K415BTW,White RAL 9003,images/teres-pro-pc.jpg,4000K,CRI>90,Bluetooth,IP40,UGR<19,Ø50mm head · in-track driver,21W,2373lm,113lm/W,15°,Datasheet=https://www.esse-ci.com/en/dettaglio-prodotto/?code=14PC21K415&product_id=75783&wiring=bluetooth;Brochure=https://www.esse-ci.com/wp-content/uploads/TERES_PRO-ID_14_EN.pdf;Installation=https://www.esse-ci.com/wp-content/uploads/ISTRSPR_TERES-PRO_Binario.pdf;LDT=https://www.esse-ci.com/wp-content/uploads/TERES_PRO.zip
Teres Pro PC,,,,,,,,,,,,,,,,,,Teres Pro PC 21W 15° 4000K Bluetooth,14PC21K415BTBK,Black RAL 9005,,4000K,CRI>90,Bluetooth,IP40,UGR<19,Ø50mm head · in-track driver,21W,2373lm,113lm/W,15°,Datasheet=https://www.esse-ci.com/en/dettaglio-prodotto/?code=14PC21K415&product_id=75783&wiring=bluetooth;Brochure=https://www.esse-ci.com/wp-content/uploads/TERES_PRO-ID_14_EN.pdf;Installation=https://www.esse-ci.com/wp-content/uploads/ISTRSPR_TERES-PRO_Binario.pdf;LDT=https://www.esse-ci.com/wp-content/uploads/TERES_PRO.zip
Teres Pro PC,,,,,,,,,,,,,,,,,,Teres Pro PC 21W 24° 4000K,14PC21K424W,White RAL 9003,images/teres-pro-pc.jpg,4000K,CRI>90,On/Off,IP40,UGR<19,Ø50mm head · in-track driver,21W,2373lm,113lm/W,24°,Datasheet=https://www.esse-ci.com/en/dettaglio-prodotto/?code=14PC21K424&product_id=75783&wiring=standard;Brochure=https://www.esse-ci.com/wp-content/uploads/TERES_PRO-ID_14_EN.pdf;Installation=https://www.esse-ci.com/wp-content/uploads/ISTRSPR_TERES-PRO_Binario.pdf;LDT=https://www.esse-ci.com/wp-content/uploads/TERES_PRO.zip
Teres Pro PC,,,,,,,,,,,,,,,,,,Teres Pro PC 21W 24° 4000K,14PC21K424BK,Black RAL 9005,,4000K,CRI>90,On/Off,IP40,UGR<19,Ø50mm head · in-track driver,21W,2373lm,113lm/W,24°,Datasheet=https://www.esse-ci.com/en/dettaglio-prodotto/?code=14PC21K424&product_id=75783&wiring=standard;Brochure=https://www.esse-ci.com/wp-content/uploads/TERES_PRO-ID_14_EN.pdf;Installation=https://www.esse-ci.com/wp-content/uploads/ISTRSPR_TERES-PRO_Binario.pdf;LDT=https://www.esse-ci.com/wp-content/uploads/TERES_PRO.zip
Teres Pro PC,,,,,,,,,,,,,,,,,,Teres Pro PC 21W 24° 4000K DALI,14PC21K424DW,White RAL 9003,images/teres-pro-pc.jpg,4000K,CRI>90,DALI,IP40,UGR<19,Ø50mm head · in-track driver,21W,2373lm,113lm/W,24°,Datasheet=https://www.esse-ci.com/en/dettaglio-prodotto/?code=14PC21K424&product_id=75783&wiring=dimmable;Brochure=https://www.esse-ci.com/wp-content/uploads/TERES_PRO-ID_14_EN.pdf;Installation=https://www.esse-ci.com/wp-content/uploads/ISTRSPR_TERES-PRO_Binario.pdf;LDT=https://www.esse-ci.com/wp-content/uploads/TERES_PRO.zip
Teres Pro PC,,,,,,,,,,,,,,,,,,Teres Pro PC 21W 24° 4000K DALI,14PC21K424DBK,Black RAL 9005,,4000K,CRI>90,DALI,IP40,UGR<19,Ø50mm head · in-track driver,21W,2373lm,113lm/W,24°,Datasheet=https://www.esse-ci.com/en/dettaglio-prodotto/?code=14PC21K424&product_id=75783&wiring=dimmable;Brochure=https://www.esse-ci.com/wp-content/uploads/TERES_PRO-ID_14_EN.pdf;Installation=https://www.esse-ci.com/wp-content/uploads/ISTRSPR_TERES-PRO_Binario.pdf;LDT=https://www.esse-ci.com/wp-content/uploads/TERES_PRO.zip
Teres Pro PC,,,,,,,,,,,,,,,,,,Teres Pro PC 21W 24° 4000K Bluetooth,14PC21K424BTW,White RAL 9003,images/teres-pro-pc.jpg,4000K,CRI>90,Bluetooth,IP40,UGR<19,Ø50mm head · in-track driver,21W,2373lm,113lm/W,24°,Datasheet=https://www.esse-ci.com/en/dettaglio-prodotto/?code=14PC21K424&product_id=75783&wiring=bluetooth;Brochure=https://www.esse-ci.com/wp-content/uploads/TERES_PRO-ID_14_EN.pdf;Installation=https://www.esse-ci.com/wp-content/uploads/ISTRSPR_TERES-PRO_Binario.pdf;LDT=https://www.esse-ci.com/wp-content/uploads/TERES_PRO.zip
Teres Pro PC,,,,,,,,,,,,,,,,,,Teres Pro PC 21W 24° 4000K Bluetooth,14PC21K424BTBK,Black RAL 9005,,4000K,CRI>90,Bluetooth,IP40,UGR<19,Ø50mm head · in-track driver,21W,2373lm,113lm/W,24°,Datasheet=https://www.esse-ci.com/en/dettaglio-prodotto/?code=14PC21K424&product_id=75783&wiring=bluetooth;Brochure=https://www.esse-ci.com/wp-content/uploads/TERES_PRO-ID_14_EN.pdf;Installation=https://www.esse-ci.com/wp-content/uploads/ISTRSPR_TERES-PRO_Binario.pdf;LDT=https://www.esse-ci.com/wp-content/uploads/TERES_PRO.zip
Teres Pro PC,,,,,,,,,,,,,,,,,,Teres Pro PC 21W 36° 4000K,14PC21K436W,White RAL 9003,images/teres-pro-pc.jpg,4000K,CRI>90,On/Off,IP40,UGR<19,Ø50mm head · in-track driver,21W,2373lm,113lm/W,36°,Datasheet=https://www.esse-ci.com/en/dettaglio-prodotto/?code=14PC21K436&product_id=75783&wiring=standard;Brochure=https://www.esse-ci.com/wp-content/uploads/TERES_PRO-ID_14_EN.pdf;Installation=https://www.esse-ci.com/wp-content/uploads/ISTRSPR_TERES-PRO_Binario.pdf;LDT=https://www.esse-ci.com/wp-content/uploads/TERES_PRO.zip
Teres Pro PC,,,,,,,,,,,,,,,,,,Teres Pro PC 21W 36° 4000K,14PC21K436BK,Black RAL 9005,,4000K,CRI>90,On/Off,IP40,UGR<19,Ø50mm head · in-track driver,21W,2373lm,113lm/W,36°,Datasheet=https://www.esse-ci.com/en/dettaglio-prodotto/?code=14PC21K436&product_id=75783&wiring=standard;Brochure=https://www.esse-ci.com/wp-content/uploads/TERES_PRO-ID_14_EN.pdf;Installation=https://www.esse-ci.com/wp-content/uploads/ISTRSPR_TERES-PRO_Binario.pdf;LDT=https://www.esse-ci.com/wp-content/uploads/TERES_PRO.zip
Teres Pro PC,,,,,,,,,,,,,,,,,,Teres Pro PC 21W 36° 4000K DALI,14PC21K436DW,White RAL 9003,images/teres-pro-pc.jpg,4000K,CRI>90,DALI,IP40,UGR<19,Ø50mm head · in-track driver,21W,2373lm,113lm/W,36°,Datasheet=https://www.esse-ci.com/en/dettaglio-prodotto/?code=14PC21K436&product_id=75783&wiring=dimmable;Brochure=https://www.esse-ci.com/wp-content/uploads/TERES_PRO-ID_14_EN.pdf;Installation=https://www.esse-ci.com/wp-content/uploads/ISTRSPR_TERES-PRO_Binario.pdf;LDT=https://www.esse-ci.com/wp-content/uploads/TERES_PRO.zip
Teres Pro PC,,,,,,,,,,,,,,,,,,Teres Pro PC 21W 36° 4000K DALI,14PC21K436DBK,Black RAL 9005,,4000K,CRI>90,DALI,IP40,UGR<19,Ø50mm head · in-track driver,21W,2373lm,113lm/W,36°,Datasheet=https://www.esse-ci.com/en/dettaglio-prodotto/?code=14PC21K436&product_id=75783&wiring=dimmable;Brochure=https://www.esse-ci.com/wp-content/uploads/TERES_PRO-ID_14_EN.pdf;Installation=https://www.esse-ci.com/wp-content/uploads/ISTRSPR_TERES-PRO_Binario.pdf;LDT=https://www.esse-ci.com/wp-content/uploads/TERES_PRO.zip
Teres Pro PC,,,,,,,,,,,,,,,,,,Teres Pro PC 21W 36° 4000K Bluetooth,14PC21K436BTW,White RAL 9003,images/teres-pro-pc.jpg,4000K,CRI>90,Bluetooth,IP40,UGR<19,Ø50mm head · in-track driver,21W,2373lm,113lm/W,36°,Datasheet=https://www.esse-ci.com/en/dettaglio-prodotto/?code=14PC21K436&product_id=75783&wiring=bluetooth;Brochure=https://www.esse-ci.com/wp-content/uploads/TERES_PRO-ID_14_EN.pdf;Installation=https://www.esse-ci.com/wp-content/uploads/ISTRSPR_TERES-PRO_Binario.pdf;LDT=https://www.esse-ci.com/wp-content/uploads/TERES_PRO.zip
Teres Pro PC,,,,,,,,,,,,,,,,,,Teres Pro PC 21W 36° 4000K Bluetooth,14PC21K436BTBK,Black RAL 9005,,4000K,CRI>90,Bluetooth,IP40,UGR<19,Ø50mm head · in-track driver,21W,2373lm,113lm/W,36°,Datasheet=https://www.esse-ci.com/en/dettaglio-prodotto/?code=14PC21K436&product_id=75783&wiring=bluetooth;Brochure=https://www.esse-ci.com/wp-content/uploads/TERES_PRO-ID_14_EN.pdf;Installation=https://www.esse-ci.com/wp-content/uploads/ISTRSPR_TERES-PRO_Binario.pdf;LDT=https://www.esse-ci.com/wp-content/uploads/TERES_PRO.zip
Teres Pro PC,,,,,,,,,,,,,,,,,,Teres Pro PC 21W 50° 4000K,14PC21K450W,White RAL 9003,images/teres-pro-pc.jpg,4000K,CRI>90,On/Off,IP40,UGR<19,Ø50mm head · in-track driver,21W,2373lm,113lm/W,50°,Datasheet=https://www.esse-ci.com/en/dettaglio-prodotto/?code=14PC21K450&product_id=75783&wiring=standard;Brochure=https://www.esse-ci.com/wp-content/uploads/TERES_PRO-ID_14_EN.pdf;Installation=https://www.esse-ci.com/wp-content/uploads/ISTRSPR_TERES-PRO_Binario.pdf;LDT=https://www.esse-ci.com/wp-content/uploads/TERES_PRO.zip
Teres Pro PC,,,,,,,,,,,,,,,,,,Teres Pro PC 21W 50° 4000K,14PC21K450BK,Black RAL 9005,,4000K,CRI>90,On/Off,IP40,UGR<19,Ø50mm head · in-track driver,21W,2373lm,113lm/W,50°,Datasheet=https://www.esse-ci.com/en/dettaglio-prodotto/?code=14PC21K450&product_id=75783&wiring=standard;Brochure=https://www.esse-ci.com/wp-content/uploads/TERES_PRO-ID_14_EN.pdf;Installation=https://www.esse-ci.com/wp-content/uploads/ISTRSPR_TERES-PRO_Binario.pdf;LDT=https://www.esse-ci.com/wp-content/uploads/TERES_PRO.zip
Teres Pro PC,,,,,,,,,,,,,,,,,,Teres Pro PC 21W 50° 4000K DALI,14PC21K450DW,White RAL 9003,images/teres-pro-pc.jpg,4000K,CRI>90,DALI,IP40,UGR<19,Ø50mm head · in-track driver,21W,2373lm,113lm/W,50°,Datasheet=https://www.esse-ci.com/en/dettaglio-prodotto/?code=14PC21K450&product_id=75783&wiring=dimmable;Brochure=https://www.esse-ci.com/wp-content/uploads/TERES_PRO-ID_14_EN.pdf;Installation=https://www.esse-ci.com/wp-content/uploads/ISTRSPR_TERES-PRO_Binario.pdf;LDT=https://www.esse-ci.com/wp-content/uploads/TERES_PRO.zip
Teres Pro PC,,,,,,,,,,,,,,,,,,Teres Pro PC 21W 50° 4000K DALI,14PC21K450DBK,Black RAL 9005,,4000K,CRI>90,DALI,IP40,UGR<19,Ø50mm head · in-track driver,21W,2373lm,113lm/W,50°,Datasheet=https://www.esse-ci.com/en/dettaglio-prodotto/?code=14PC21K450&product_id=75783&wiring=dimmable;Brochure=https://www.esse-ci.com/wp-content/uploads/TERES_PRO-ID_14_EN.pdf;Installation=https://www.esse-ci.com/wp-content/uploads/ISTRSPR_TERES-PRO_Binario.pdf;LDT=https://www.esse-ci.com/wp-content/uploads/TERES_PRO.zip
Teres Pro PC,,,,,,,,,,,,,,,,,,Teres Pro PC 21W 50° 4000K Bluetooth,14PC21K450BTW,White RAL 9003,images/teres-pro-pc.jpg,4000K,CRI>90,Bluetooth,IP40,UGR<19,Ø50mm head · in-track driver,21W,2373lm,113lm/W,50°,Datasheet=https://www.esse-ci.com/en/dettaglio-prodotto/?code=14PC21K450&product_id=75783&wiring=bluetooth;Brochure=https://www.esse-ci.com/wp-content/uploads/TERES_PRO-ID_14_EN.pdf;Installation=https://www.esse-ci.com/wp-content/uploads/ISTRSPR_TERES-PRO_Binario.pdf;LDT=https://www.esse-ci.com/wp-content/uploads/TERES_PRO.zip
Teres Pro PC,,,,,,,,,,,,,,,,,,Teres Pro PC 21W 50° 4000K Bluetooth,14PC21K450BTBK,Black RAL 9005,,4000K,CRI>90,Bluetooth,IP40,UGR<19,Ø50mm head · in-track driver,21W,2373lm,113lm/W,50°,Datasheet=https://www.esse-ci.com/en/dettaglio-prodotto/?code=14PC21K450&product_id=75783&wiring=bluetooth;Brochure=https://www.esse-ci.com/wp-content/uploads/TERES_PRO-ID_14_EN.pdf;Installation=https://www.esse-ci.com/wp-content/uploads/ISTRSPR_TERES-PRO_Binario.pdf;LDT=https://www.esse-ci.com/wp-content/uploads/TERES_PRO.zip
Teres Pro PC,,,,,,,,,,,,,,,,,,Teres Pro PC 15W 15° 3000K,14PC15K315W,White RAL 9003,images/teres-pro-pc.jpg,3000K,CRI>90,On/Off,IP40,UGR<19,Ø50mm head · in-track driver,15W,1530lm,102lm/W,15°,Datasheet=https://www.esse-ci.com/en/dettaglio-prodotto/?code=14PC15K315&product_id=75783&wiring=standard;Brochure=https://www.esse-ci.com/wp-content/uploads/TERES_PRO-ID_14_EN.pdf;Installation=https://www.esse-ci.com/wp-content/uploads/ISTRSPR_TERES-PRO_Binario.pdf;LDT=https://www.esse-ci.com/wp-content/uploads/TERES_PRO.zip
Teres Pro PC,,,,,,,,,,,,,,,,,,Teres Pro PC 15W 15° 3000K,14PC15K315BK,Black RAL 9005,,3000K,CRI>90,On/Off,IP40,UGR<19,Ø50mm head · in-track driver,15W,1530lm,102lm/W,15°,Datasheet=https://www.esse-ci.com/en/dettaglio-prodotto/?code=14PC15K315&product_id=75783&wiring=standard;Brochure=https://www.esse-ci.com/wp-content/uploads/TERES_PRO-ID_14_EN.pdf;Installation=https://www.esse-ci.com/wp-content/uploads/ISTRSPR_TERES-PRO_Binario.pdf;LDT=https://www.esse-ci.com/wp-content/uploads/TERES_PRO.zip
Teres Pro PC,,,,,,,,,,,,,,,,,,Teres Pro PC 15W 15° 3000K DALI,14PC15K315DW,White RAL 9003,images/teres-pro-pc.jpg,3000K,CRI>90,DALI,IP40,UGR<19,Ø50mm head · in-track driver,15W,1530lm,102lm/W,15°,Datasheet=https://www.esse-ci.com/en/dettaglio-prodotto/?code=14PC15K315&product_id=75783&wiring=dimmable;Brochure=https://www.esse-ci.com/wp-content/uploads/TERES_PRO-ID_14_EN.pdf;Installation=https://www.esse-ci.com/wp-content/uploads/ISTRSPR_TERES-PRO_Binario.pdf;LDT=https://www.esse-ci.com/wp-content/uploads/TERES_PRO.zip
Teres Pro PC,,,,,,,,,,,,,,,,,,Teres Pro PC 15W 15° 3000K DALI,14PC15K315DBK,Black RAL 9005,,3000K,CRI>90,DALI,IP40,UGR<19,Ø50mm head · in-track driver,15W,1530lm,102lm/W,15°,Datasheet=https://www.esse-ci.com/en/dettaglio-prodotto/?code=14PC15K315&product_id=75783&wiring=dimmable;Brochure=https://www.esse-ci.com/wp-content/uploads/TERES_PRO-ID_14_EN.pdf;Installation=https://www.esse-ci.com/wp-content/uploads/ISTRSPR_TERES-PRO_Binario.pdf;LDT=https://www.esse-ci.com/wp-content/uploads/TERES_PRO.zip
Teres Pro PC,,,,,,,,,,,,,,,,,,Teres Pro PC 15W 15° 3000K Bluetooth,14PC15K315BTW,White RAL 9003,images/teres-pro-pc.jpg,3000K,CRI>90,Bluetooth,IP40,UGR<19,Ø50mm head · in-track driver,15W,1530lm,102lm/W,15°,Datasheet=https://www.esse-ci.com/en/dettaglio-prodotto/?code=14PC15K315&product_id=75783&wiring=bluetooth;Brochure=https://www.esse-ci.com/wp-content/uploads/TERES_PRO-ID_14_EN.pdf;Installation=https://www.esse-ci.com/wp-content/uploads/ISTRSPR_TERES-PRO_Binario.pdf;LDT=https://www.esse-ci.com/wp-content/uploads/TERES_PRO.zip
Teres Pro PC,,,,,,,,,,,,,,,,,,Teres Pro PC 15W 15° 3000K Bluetooth,14PC15K315BTBK,Black RAL 9005,,3000K,CRI>90,Bluetooth,IP40,UGR<19,Ø50mm head · in-track driver,15W,1530lm,102lm/W,15°,Datasheet=https://www.esse-ci.com/en/dettaglio-prodotto/?code=14PC15K315&product_id=75783&wiring=bluetooth;Brochure=https://www.esse-ci.com/wp-content/uploads/TERES_PRO-ID_14_EN.pdf;Installation=https://www.esse-ci.com/wp-content/uploads/ISTRSPR_TERES-PRO_Binario.pdf;LDT=https://www.esse-ci.com/wp-content/uploads/TERES_PRO.zip
Teres Pro PC,,,,,,,,,,,,,,,,,,Teres Pro PC 15W 24° 3000K,14PC15K324W,White RAL 9003,images/teres-pro-pc.jpg,3000K,CRI>90,On/Off,IP40,UGR<19,Ø50mm head · in-track driver,15W,1530lm,102lm/W,24°,Datasheet=https://www.esse-ci.com/en/dettaglio-prodotto/?code=14PC15K324&product_id=75783&wiring=standard;Brochure=https://www.esse-ci.com/wp-content/uploads/TERES_PRO-ID_14_EN.pdf;Installation=https://www.esse-ci.com/wp-content/uploads/ISTRSPR_TERES-PRO_Binario.pdf;LDT=https://www.esse-ci.com/wp-content/uploads/TERES_PRO.zip
Teres Pro PC,,,,,,,,,,,,,,,,,,Teres Pro PC 15W 24° 3000K,14PC15K324BK,Black RAL 9005,,3000K,CRI>90,On/Off,IP40,UGR<19,Ø50mm head · in-track driver,15W,1530lm,102lm/W,24°,Datasheet=https://www.esse-ci.com/en/dettaglio-prodotto/?code=14PC15K324&product_id=75783&wiring=standard;Brochure=https://www.esse-ci.com/wp-content/uploads/TERES_PRO-ID_14_EN.pdf;Installation=https://www.esse-ci.com/wp-content/uploads/ISTRSPR_TERES-PRO_Binario.pdf;LDT=https://www.esse-ci.com/wp-content/uploads/TERES_PRO.zip
Teres Pro PC,,,,,,,,,,,,,,,,,,Teres Pro PC 15W 24° 3000K DALI,14PC15K324DW,White RAL 9003,images/teres-pro-pc.jpg,3000K,CRI>90,DALI,IP40,UGR<19,Ø50mm head · in-track driver,15W,1530lm,102lm/W,24°,Datasheet=files/14PC15K324D.pdf;Brochure=https://www.esse-ci.com/wp-content/uploads/TERES_PRO-ID_14_EN.pdf;Installation=https://www.esse-ci.com/wp-content/uploads/ISTRSPR_TERES-PRO_Binario.pdf;LDT=https://www.esse-ci.com/wp-content/uploads/TERES_PRO.zip
Teres Pro PC,,,,,,,,,,,,,,,,,,Teres Pro PC 15W 24° 3000K DALI,14PC15K324DBK,Black RAL 9005,,3000K,CRI>90,DALI,IP40,UGR<19,Ø50mm head · in-track driver,15W,1530lm,102lm/W,24°,Datasheet=files/14PC15K324D.pdf;Brochure=https://www.esse-ci.com/wp-content/uploads/TERES_PRO-ID_14_EN.pdf;Installation=https://www.esse-ci.com/wp-content/uploads/ISTRSPR_TERES-PRO_Binario.pdf;LDT=https://www.esse-ci.com/wp-content/uploads/TERES_PRO.zip
Teres Pro PC,,,,,,,,,,,,,,,,,,Teres Pro PC 15W 24° 3000K Bluetooth,14PC15K324BTW,White RAL 9003,images/teres-pro-pc.jpg,3000K,CRI>90,Bluetooth,IP40,UGR<19,Ø50mm head · in-track driver,15W,1530lm,102lm/W,24°,Datasheet=https://www.esse-ci.com/en/dettaglio-prodotto/?code=14PC15K324&product_id=75783&wiring=bluetooth;Brochure=https://www.esse-ci.com/wp-content/uploads/TERES_PRO-ID_14_EN.pdf;Installation=https://www.esse-ci.com/wp-content/uploads/ISTRSPR_TERES-PRO_Binario.pdf;LDT=https://www.esse-ci.com/wp-content/uploads/TERES_PRO.zip
Teres Pro PC,,,,,,,,,,,,,,,,,,Teres Pro PC 15W 24° 3000K Bluetooth,14PC15K324BTBK,Black RAL 9005,,3000K,CRI>90,Bluetooth,IP40,UGR<19,Ø50mm head · in-track driver,15W,1530lm,102lm/W,24°,Datasheet=https://www.esse-ci.com/en/dettaglio-prodotto/?code=14PC15K324&product_id=75783&wiring=bluetooth;Brochure=https://www.esse-ci.com/wp-content/uploads/TERES_PRO-ID_14_EN.pdf;Installation=https://www.esse-ci.com/wp-content/uploads/ISTRSPR_TERES-PRO_Binario.pdf;LDT=https://www.esse-ci.com/wp-content/uploads/TERES_PRO.zip
Teres Pro PC,,,,,,,,,,,,,,,,,,Teres Pro PC 15W 36° 3000K,14PC15K336W,White RAL 9003,images/teres-pro-pc.jpg,3000K,CRI>90,On/Off,IP40,UGR<19,Ø50mm head · in-track driver,15W,1530lm,102lm/W,36°,Datasheet=https://www.esse-ci.com/en/dettaglio-prodotto/?code=14PC15K336&product_id=75783&wiring=standard;Brochure=https://www.esse-ci.com/wp-content/uploads/TERES_PRO-ID_14_EN.pdf;Installation=https://www.esse-ci.com/wp-content/uploads/ISTRSPR_TERES-PRO_Binario.pdf;LDT=https://www.esse-ci.com/wp-content/uploads/TERES_PRO.zip
Teres Pro PC,,,,,,,,,,,,,,,,,,Teres Pro PC 15W 36° 3000K,14PC15K336BK,Black RAL 9005,,3000K,CRI>90,On/Off,IP40,UGR<19,Ø50mm head · in-track driver,15W,1530lm,102lm/W,36°,Datasheet=https://www.esse-ci.com/en/dettaglio-prodotto/?code=14PC15K336&product_id=75783&wiring=standard;Brochure=https://www.esse-ci.com/wp-content/uploads/TERES_PRO-ID_14_EN.pdf;Installation=https://www.esse-ci.com/wp-content/uploads/ISTRSPR_TERES-PRO_Binario.pdf;LDT=https://www.esse-ci.com/wp-content/uploads/TERES_PRO.zip
Teres Pro PC,,,,,,,,,,,,,,,,,,Teres Pro PC 15W 36° 3000K DALI,14PC15K336DW,White RAL 9003,images/teres-pro-pc.jpg,3000K,CRI>90,DALI,IP40,UGR<19,Ø50mm head · in-track driver,15W,1530lm,102lm/W,36°,Datasheet=https://www.esse-ci.com/en/dettaglio-prodotto/?code=14PC15K336&product_id=75783&wiring=dimmable;Brochure=https://www.esse-ci.com/wp-content/uploads/TERES_PRO-ID_14_EN.pdf;Installation=https://www.esse-ci.com/wp-content/uploads/ISTRSPR_TERES-PRO_Binario.pdf;LDT=https://www.esse-ci.com/wp-content/uploads/TERES_PRO.zip
Teres Pro PC,,,,,,,,,,,,,,,,,,Teres Pro PC 15W 36° 3000K DALI,14PC15K336DBK,Black RAL 9005,,3000K,CRI>90,DALI,IP40,UGR<19,Ø50mm head · in-track driver,15W,1530lm,102lm/W,36°,Datasheet=https://www.esse-ci.com/en/dettaglio-prodotto/?code=14PC15K336&product_id=75783&wiring=dimmable;Brochure=https://www.esse-ci.com/wp-content/uploads/TERES_PRO-ID_14_EN.pdf;Installation=https://www.esse-ci.com/wp-content/uploads/ISTRSPR_TERES-PRO_Binario.pdf;LDT=https://www.esse-ci.com/wp-content/uploads/TERES_PRO.zip
Teres Pro PC,,,,,,,,,,,,,,,,,,Teres Pro PC 15W 36° 3000K Bluetooth,14PC15K336BTW,White RAL 9003,images/teres-pro-pc.jpg,3000K,CRI>90,Bluetooth,IP40,UGR<19,Ø50mm head · in-track driver,15W,1530lm,102lm/W,36°,Datasheet=https://www.esse-ci.com/en/dettaglio-prodotto/?code=14PC15K336&product_id=75783&wiring=bluetooth;Brochure=https://www.esse-ci.com/wp-content/uploads/TERES_PRO-ID_14_EN.pdf;Installation=https://www.esse-ci.com/wp-content/uploads/ISTRSPR_TERES-PRO_Binario.pdf;LDT=https://www.esse-ci.com/wp-content/uploads/TERES_PRO.zip
Teres Pro PC,,,,,,,,,,,,,,,,,,Teres Pro PC 15W 36° 3000K Bluetooth,14PC15K336BTBK,Black RAL 9005,,3000K,CRI>90,Bluetooth,IP40,UGR<19,Ø50mm head · in-track driver,15W,1530lm,102lm/W,36°,Datasheet=https://www.esse-ci.com/en/dettaglio-prodotto/?code=14PC15K336&product_id=75783&wiring=bluetooth;Brochure=https://www.esse-ci.com/wp-content/uploads/TERES_PRO-ID_14_EN.pdf;Installation=https://www.esse-ci.com/wp-content/uploads/ISTRSPR_TERES-PRO_Binario.pdf;LDT=https://www.esse-ci.com/wp-content/uploads/TERES_PRO.zip
Teres Pro PC,,,,,,,,,,,,,,,,,,Teres Pro PC 15W 50° 3000K,14PC15K350W,White RAL 9003,images/teres-pro-pc.jpg,3000K,CRI>90,On/Off,IP40,UGR<19,Ø50mm head · in-track driver,15W,1530lm,102lm/W,50°,Datasheet=https://www.esse-ci.com/en/dettaglio-prodotto/?code=14PC15K350&product_id=75783&wiring=standard;Brochure=https://www.esse-ci.com/wp-content/uploads/TERES_PRO-ID_14_EN.pdf;Installation=https://www.esse-ci.com/wp-content/uploads/ISTRSPR_TERES-PRO_Binario.pdf;LDT=https://www.esse-ci.com/wp-content/uploads/TERES_PRO.zip
Teres Pro PC,,,,,,,,,,,,,,,,,,Teres Pro PC 15W 50° 3000K,14PC15K350BK,Black RAL 9005,,3000K,CRI>90,On/Off,IP40,UGR<19,Ø50mm head · in-track driver,15W,1530lm,102lm/W,50°,Datasheet=https://www.esse-ci.com/en/dettaglio-prodotto/?code=14PC15K350&product_id=75783&wiring=standard;Brochure=https://www.esse-ci.com/wp-content/uploads/TERES_PRO-ID_14_EN.pdf;Installation=https://www.esse-ci.com/wp-content/uploads/ISTRSPR_TERES-PRO_Binario.pdf;LDT=https://www.esse-ci.com/wp-content/uploads/TERES_PRO.zip
Teres Pro PC,,,,,,,,,,,,,,,,,,Teres Pro PC 15W 50° 3000K DALI,14PC15K350DW,White RAL 9003,images/teres-pro-pc.jpg,3000K,CRI>90,DALI,IP40,UGR<19,Ø50mm head · in-track driver,15W,1530lm,102lm/W,50°,Datasheet=files/14PC15K350D.pdf;Brochure=https://www.esse-ci.com/wp-content/uploads/TERES_PRO-ID_14_EN.pdf;Installation=https://www.esse-ci.com/wp-content/uploads/ISTRSPR_TERES-PRO_Binario.pdf;LDT=https://www.esse-ci.com/wp-content/uploads/TERES_PRO.zip
Teres Pro PC,,,,,,,,,,,,,,,,,,Teres Pro PC 15W 50° 3000K DALI,14PC15K350DBK,Black RAL 9005,,3000K,CRI>90,DALI,IP40,UGR<19,Ø50mm head · in-track driver,15W,1530lm,102lm/W,50°,Datasheet=files/14PC15K350D.pdf;Brochure=https://www.esse-ci.com/wp-content/uploads/TERES_PRO-ID_14_EN.pdf;Installation=https://www.esse-ci.com/wp-content/uploads/ISTRSPR_TERES-PRO_Binario.pdf;LDT=https://www.esse-ci.com/wp-content/uploads/TERES_PRO.zip
Teres Pro PC,,,,,,,,,,,,,,,,,,Teres Pro PC 15W 50° 3000K Bluetooth,14PC15K350BTW,White RAL 9003,images/teres-pro-pc.jpg,3000K,CRI>90,Bluetooth,IP40,UGR<19,Ø50mm head · in-track driver,15W,1530lm,102lm/W,50°,Datasheet=https://www.esse-ci.com/en/dettaglio-prodotto/?code=14PC15K350&product_id=75783&wiring=bluetooth;Brochure=https://www.esse-ci.com/wp-content/uploads/TERES_PRO-ID_14_EN.pdf;Installation=https://www.esse-ci.com/wp-content/uploads/ISTRSPR_TERES-PRO_Binario.pdf;LDT=https://www.esse-ci.com/wp-content/uploads/TERES_PRO.zip
Teres Pro PC,,,,,,,,,,,,,,,,,,Teres Pro PC 15W 50° 3000K Bluetooth,14PC15K350BTBK,Black RAL 9005,,3000K,CRI>90,Bluetooth,IP40,UGR<19,Ø50mm head · in-track driver,15W,1530lm,102lm/W,50°,Datasheet=https://www.esse-ci.com/en/dettaglio-prodotto/?code=14PC15K350&product_id=75783&wiring=bluetooth;Brochure=https://www.esse-ci.com/wp-content/uploads/TERES_PRO-ID_14_EN.pdf;Installation=https://www.esse-ci.com/wp-content/uploads/ISTRSPR_TERES-PRO_Binario.pdf;LDT=https://www.esse-ci.com/wp-content/uploads/TERES_PRO.zip
Teres Pro PC,,,,,,,,,,,,,,,,,,Teres Pro PC 21W 15° 3000K,14PC21K315W,White RAL 9003,images/teres-pro-pc.jpg,3000K,CRI>90,On/Off,IP40,UGR<19,Ø50mm head · in-track driver,21W,2135lm,102lm/W,15°,Datasheet=https://www.esse-ci.com/en/dettaglio-prodotto/?code=14PC21K315&product_id=75783&wiring=standard;Brochure=https://www.esse-ci.com/wp-content/uploads/TERES_PRO-ID_14_EN.pdf;Installation=https://www.esse-ci.com/wp-content/uploads/ISTRSPR_TERES-PRO_Binario.pdf;LDT=https://www.esse-ci.com/wp-content/uploads/TERES_PRO.zip
Teres Pro PC,,,,,,,,,,,,,,,,,,Teres Pro PC 21W 15° 3000K,14PC21K315BK,Black RAL 9005,,3000K,CRI>90,On/Off,IP40,UGR<19,Ø50mm head · in-track driver,21W,2135lm,102lm/W,15°,Datasheet=https://www.esse-ci.com/en/dettaglio-prodotto/?code=14PC21K315&product_id=75783&wiring=standard;Brochure=https://www.esse-ci.com/wp-content/uploads/TERES_PRO-ID_14_EN.pdf;Installation=https://www.esse-ci.com/wp-content/uploads/ISTRSPR_TERES-PRO_Binario.pdf;LDT=https://www.esse-ci.com/wp-content/uploads/TERES_PRO.zip
Teres Pro PC,,,,,,,,,,,,,,,,,,Teres Pro PC 21W 15° 3000K DALI,14PC21K315DW,White RAL 9003,images/teres-pro-pc.jpg,3000K,CRI>90,DALI,IP40,UGR<19,Ø50mm head · in-track driver,21W,2135lm,102lm/W,15°,Datasheet=https://www.esse-ci.com/en/dettaglio-prodotto/?code=14PC21K315&product_id=75783&wiring=dimmable;Brochure=https://www.esse-ci.com/wp-content/uploads/TERES_PRO-ID_14_EN.pdf;Installation=https://www.esse-ci.com/wp-content/uploads/ISTRSPR_TERES-PRO_Binario.pdf;LDT=https://www.esse-ci.com/wp-content/uploads/TERES_PRO.zip
Teres Pro PC,,,,,,,,,,,,,,,,,,Teres Pro PC 21W 15° 3000K DALI,14PC21K315DBK,Black RAL 9005,,3000K,CRI>90,DALI,IP40,UGR<19,Ø50mm head · in-track driver,21W,2135lm,102lm/W,15°,Datasheet=https://www.esse-ci.com/en/dettaglio-prodotto/?code=14PC21K315&product_id=75783&wiring=dimmable;Brochure=https://www.esse-ci.com/wp-content/uploads/TERES_PRO-ID_14_EN.pdf;Installation=https://www.esse-ci.com/wp-content/uploads/ISTRSPR_TERES-PRO_Binario.pdf;LDT=https://www.esse-ci.com/wp-content/uploads/TERES_PRO.zip
Teres Pro PC,,,,,,,,,,,,,,,,,,Teres Pro PC 21W 15° 3000K Bluetooth,14PC21K315BTW,White RAL 9003,images/teres-pro-pc.jpg,3000K,CRI>90,Bluetooth,IP40,UGR<19,Ø50mm head · in-track driver,21W,2135lm,102lm/W,15°,Datasheet=https://www.esse-ci.com/en/dettaglio-prodotto/?code=14PC21K315&product_id=75783&wiring=bluetooth;Brochure=https://www.esse-ci.com/wp-content/uploads/TERES_PRO-ID_14_EN.pdf;Installation=https://www.esse-ci.com/wp-content/uploads/ISTRSPR_TERES-PRO_Binario.pdf;LDT=https://www.esse-ci.com/wp-content/uploads/TERES_PRO.zip
Teres Pro PC,,,,,,,,,,,,,,,,,,Teres Pro PC 21W 15° 3000K Bluetooth,14PC21K315BTBK,Black RAL 9005,,3000K,CRI>90,Bluetooth,IP40,UGR<19,Ø50mm head · in-track driver,21W,2135lm,102lm/W,15°,Datasheet=https://www.esse-ci.com/en/dettaglio-prodotto/?code=14PC21K315&product_id=75783&wiring=bluetooth;Brochure=https://www.esse-ci.com/wp-content/uploads/TERES_PRO-ID_14_EN.pdf;Installation=https://www.esse-ci.com/wp-content/uploads/ISTRSPR_TERES-PRO_Binario.pdf;LDT=https://www.esse-ci.com/wp-content/uploads/TERES_PRO.zip
Teres Pro PC,,,,,,,,,,,,,,,,,,Teres Pro PC 21W 24° 3000K,14PC21K324W,White RAL 9003,images/teres-pro-pc.jpg,3000K,CRI>90,On/Off,IP40,UGR<19,Ø50mm head · in-track driver,21W,2135lm,102lm/W,24°,Datasheet=https://www.esse-ci.com/en/dettaglio-prodotto/?code=14PC21K324&product_id=75783&wiring=standard;Brochure=https://www.esse-ci.com/wp-content/uploads/TERES_PRO-ID_14_EN.pdf;Installation=https://www.esse-ci.com/wp-content/uploads/ISTRSPR_TERES-PRO_Binario.pdf;LDT=https://www.esse-ci.com/wp-content/uploads/TERES_PRO.zip
Teres Pro PC,,,,,,,,,,,,,,,,,,Teres Pro PC 21W 24° 3000K,14PC21K324BK,Black RAL 9005,,3000K,CRI>90,On/Off,IP40,UGR<19,Ø50mm head · in-track driver,21W,2135lm,102lm/W,24°,Datasheet=https://www.esse-ci.com/en/dettaglio-prodotto/?code=14PC21K324&product_id=75783&wiring=standard;Brochure=https://www.esse-ci.com/wp-content/uploads/TERES_PRO-ID_14_EN.pdf;Installation=https://www.esse-ci.com/wp-content/uploads/ISTRSPR_TERES-PRO_Binario.pdf;LDT=https://www.esse-ci.com/wp-content/uploads/TERES_PRO.zip
Teres Pro PC,,,,,,,,,,,,,,,,,,Teres Pro PC 21W 24° 3000K DALI,14PC21K324DW,White RAL 9003,images/teres-pro-pc.jpg,3000K,CRI>90,DALI,IP40,UGR<19,Ø50mm head · in-track driver,21W,2135lm,102lm/W,24°,Datasheet=https://www.esse-ci.com/en/dettaglio-prodotto/?code=14PC21K324&product_id=75783&wiring=dimmable;Brochure=https://www.esse-ci.com/wp-content/uploads/TERES_PRO-ID_14_EN.pdf;Installation=https://www.esse-ci.com/wp-content/uploads/ISTRSPR_TERES-PRO_Binario.pdf;LDT=https://www.esse-ci.com/wp-content/uploads/TERES_PRO.zip
Teres Pro PC,,,,,,,,,,,,,,,,,,Teres Pro PC 21W 24° 3000K DALI,14PC21K324DBK,Black RAL 9005,,3000K,CRI>90,DALI,IP40,UGR<19,Ø50mm head · in-track driver,21W,2135lm,102lm/W,24°,Datasheet=https://www.esse-ci.com/en/dettaglio-prodotto/?code=14PC21K324&product_id=75783&wiring=dimmable;Brochure=https://www.esse-ci.com/wp-content/uploads/TERES_PRO-ID_14_EN.pdf;Installation=https://www.esse-ci.com/wp-content/uploads/ISTRSPR_TERES-PRO_Binario.pdf;LDT=https://www.esse-ci.com/wp-content/uploads/TERES_PRO.zip
Teres Pro PC,,,,,,,,,,,,,,,,,,Teres Pro PC 21W 24° 3000K Bluetooth,14PC21K324BTW,White RAL 9003,images/teres-pro-pc.jpg,3000K,CRI>90,Bluetooth,IP40,UGR<19,Ø50mm head · in-track driver,21W,2135lm,102lm/W,24°,Datasheet=https://www.esse-ci.com/en/dettaglio-prodotto/?code=14PC21K324&product_id=75783&wiring=bluetooth;Brochure=https://www.esse-ci.com/wp-content/uploads/TERES_PRO-ID_14_EN.pdf;Installation=https://www.esse-ci.com/wp-content/uploads/ISTRSPR_TERES-PRO_Binario.pdf;LDT=https://www.esse-ci.com/wp-content/uploads/TERES_PRO.zip
Teres Pro PC,,,,,,,,,,,,,,,,,,Teres Pro PC 21W 24° 3000K Bluetooth,14PC21K324BTBK,Black RAL 9005,,3000K,CRI>90,Bluetooth,IP40,UGR<19,Ø50mm head · in-track driver,21W,2135lm,102lm/W,24°,Datasheet=https://www.esse-ci.com/en/dettaglio-prodotto/?code=14PC21K324&product_id=75783&wiring=bluetooth;Brochure=https://www.esse-ci.com/wp-content/uploads/TERES_PRO-ID_14_EN.pdf;Installation=https://www.esse-ci.com/wp-content/uploads/ISTRSPR_TERES-PRO_Binario.pdf;LDT=https://www.esse-ci.com/wp-content/uploads/TERES_PRO.zip
Teres Pro PC,,,,,,,,,,,,,,,,,,Teres Pro PC 21W 36° 3000K,14PC21K336W,White RAL 9003,images/teres-pro-pc.jpg,3000K,CRI>90,On/Off,IP40,UGR<19,Ø50mm head · in-track driver,21W,2135lm,102lm/W,36°,Datasheet=https://www.esse-ci.com/en/dettaglio-prodotto/?code=14PC21K336&product_id=75783&wiring=standard;Brochure=https://www.esse-ci.com/wp-content/uploads/TERES_PRO-ID_14_EN.pdf;Installation=https://www.esse-ci.com/wp-content/uploads/ISTRSPR_TERES-PRO_Binario.pdf;LDT=https://www.esse-ci.com/wp-content/uploads/TERES_PRO.zip
Teres Pro PC,,,,,,,,,,,,,,,,,,Teres Pro PC 21W 36° 3000K,14PC21K336BK,Black RAL 9005,,3000K,CRI>90,On/Off,IP40,UGR<19,Ø50mm head · in-track driver,21W,2135lm,102lm/W,36°,Datasheet=https://www.esse-ci.com/en/dettaglio-prodotto/?code=14PC21K336&product_id=75783&wiring=standard;Brochure=https://www.esse-ci.com/wp-content/uploads/TERES_PRO-ID_14_EN.pdf;Installation=https://www.esse-ci.com/wp-content/uploads/ISTRSPR_TERES-PRO_Binario.pdf;LDT=https://www.esse-ci.com/wp-content/uploads/TERES_PRO.zip
Teres Pro PC,,,,,,,,,,,,,,,,,,Teres Pro PC 21W 36° 3000K DALI,14PC21K336DW,White RAL 9003,images/teres-pro-pc.jpg,3000K,CRI>90,DALI,IP40,UGR<19,Ø50mm head · in-track driver,21W,2135lm,102lm/W,36°,Datasheet=https://www.esse-ci.com/en/dettaglio-prodotto/?code=14PC21K336&product_id=75783&wiring=dimmable;Brochure=https://www.esse-ci.com/wp-content/uploads/TERES_PRO-ID_14_EN.pdf;Installation=https://www.esse-ci.com/wp-content/uploads/ISTRSPR_TERES-PRO_Binario.pdf;LDT=https://www.esse-ci.com/wp-content/uploads/TERES_PRO.zip
Teres Pro PC,,,,,,,,,,,,,,,,,,Teres Pro PC 21W 36° 3000K DALI,14PC21K336DBK,Black RAL 9005,,3000K,CRI>90,DALI,IP40,UGR<19,Ø50mm head · in-track driver,21W,2135lm,102lm/W,36°,Datasheet=https://www.esse-ci.com/en/dettaglio-prodotto/?code=14PC21K336&product_id=75783&wiring=dimmable;Brochure=https://www.esse-ci.com/wp-content/uploads/TERES_PRO-ID_14_EN.pdf;Installation=https://www.esse-ci.com/wp-content/uploads/ISTRSPR_TERES-PRO_Binario.pdf;LDT=https://www.esse-ci.com/wp-content/uploads/TERES_PRO.zip
Teres Pro PC,,,,,,,,,,,,,,,,,,Teres Pro PC 21W 36° 3000K Bluetooth,14PC21K336BTW,White RAL 9003,images/teres-pro-pc.jpg,3000K,CRI>90,Bluetooth,IP40,UGR<19,Ø50mm head · in-track driver,21W,2135lm,102lm/W,36°,Datasheet=https://www.esse-ci.com/en/dettaglio-prodotto/?code=14PC21K336&product_id=75783&wiring=bluetooth;Brochure=https://www.esse-ci.com/wp-content/uploads/TERES_PRO-ID_14_EN.pdf;Installation=https://www.esse-ci.com/wp-content/uploads/ISTRSPR_TERES-PRO_Binario.pdf;LDT=https://www.esse-ci.com/wp-content/uploads/TERES_PRO.zip
Teres Pro PC,,,,,,,,,,,,,,,,,,Teres Pro PC 21W 36° 3000K Bluetooth,14PC21K336BTBK,Black RAL 9005,,3000K,CRI>90,Bluetooth,IP40,UGR<19,Ø50mm head · in-track driver,21W,2135lm,102lm/W,36°,Datasheet=https://www.esse-ci.com/en/dettaglio-prodotto/?code=14PC21K336&product_id=75783&wiring=bluetooth;Brochure=https://www.esse-ci.com/wp-content/uploads/TERES_PRO-ID_14_EN.pdf;Installation=https://www.esse-ci.com/wp-content/uploads/ISTRSPR_TERES-PRO_Binario.pdf;LDT=https://www.esse-ci.com/wp-content/uploads/TERES_PRO.zip
Teres Pro PC,,,,,,,,,,,,,,,,,,Teres Pro PC 21W 50° 3000K,14PC21K350W,White RAL 9003,images/teres-pro-pc.jpg,3000K,CRI>90,On/Off,IP40,UGR<19,Ø50mm head · in-track driver,21W,2135lm,102lm/W,50°,Datasheet=https://www.esse-ci.com/en/dettaglio-prodotto/?code=14PC21K350&product_id=75783&wiring=standard;Brochure=https://www.esse-ci.com/wp-content/uploads/TERES_PRO-ID_14_EN.pdf;Installation=https://www.esse-ci.com/wp-content/uploads/ISTRSPR_TERES-PRO_Binario.pdf;LDT=https://www.esse-ci.com/wp-content/uploads/TERES_PRO.zip
Teres Pro PC,,,,,,,,,,,,,,,,,,Teres Pro PC 21W 50° 3000K,14PC21K350BK,Black RAL 9005,,3000K,CRI>90,On/Off,IP40,UGR<19,Ø50mm head · in-track driver,21W,2135lm,102lm/W,50°,Datasheet=https://www.esse-ci.com/en/dettaglio-prodotto/?code=14PC21K350&product_id=75783&wiring=standard;Brochure=https://www.esse-ci.com/wp-content/uploads/TERES_PRO-ID_14_EN.pdf;Installation=https://www.esse-ci.com/wp-content/uploads/ISTRSPR_TERES-PRO_Binario.pdf;LDT=https://www.esse-ci.com/wp-content/uploads/TERES_PRO.zip
Teres Pro PC,,,,,,,,,,,,,,,,,,Teres Pro PC 21W 50° 3000K DALI,14PC21K350DW,White RAL 9003,images/teres-pro-pc.jpg,3000K,CRI>90,DALI,IP40,UGR<19,Ø50mm head · in-track driver,21W,2135lm,102lm/W,50°,Datasheet=https://www.esse-ci.com/en/dettaglio-prodotto/?code=14PC21K350&product_id=75783&wiring=dimmable;Brochure=https://www.esse-ci.com/wp-content/uploads/TERES_PRO-ID_14_EN.pdf;Installation=https://www.esse-ci.com/wp-content/uploads/ISTRSPR_TERES-PRO_Binario.pdf;LDT=https://www.esse-ci.com/wp-content/uploads/TERES_PRO.zip
Teres Pro PC,,,,,,,,,,,,,,,,,,Teres Pro PC 21W 50° 3000K DALI,14PC21K350DBK,Black RAL 9005,,3000K,CRI>90,DALI,IP40,UGR<19,Ø50mm head · in-track driver,21W,2135lm,102lm/W,50°,Datasheet=https://www.esse-ci.com/en/dettaglio-prodotto/?code=14PC21K350&product_id=75783&wiring=dimmable;Brochure=https://www.esse-ci.com/wp-content/uploads/TERES_PRO-ID_14_EN.pdf;Installation=https://www.esse-ci.com/wp-content/uploads/ISTRSPR_TERES-PRO_Binario.pdf;LDT=https://www.esse-ci.com/wp-content/uploads/TERES_PRO.zip
Teres Pro PC,,,,,,,,,,,,,,,,,,Teres Pro PC 21W 50° 3000K Bluetooth,14PC21K350BTW,White RAL 9003,images/teres-pro-pc.jpg,3000K,CRI>90,Bluetooth,IP40,UGR<19,Ø50mm head · in-track driver,21W,2135lm,102lm/W,50°,Datasheet=https://www.esse-ci.com/en/dettaglio-prodotto/?code=14PC21K350&product_id=75783&wiring=bluetooth;Brochure=https://www.esse-ci.com/wp-content/uploads/TERES_PRO-ID_14_EN.pdf;Installation=https://www.esse-ci.com/wp-content/uploads/ISTRSPR_TERES-PRO_Binario.pdf;LDT=https://www.esse-ci.com/wp-content/uploads/TERES_PRO.zip
Teres Pro PC,,,,,,,,,,,,,,,,,,Teres Pro PC 21W 50° 3000K Bluetooth,14PC21K350BTBK,Black RAL 9005,,3000K,CRI>90,Bluetooth,IP40,UGR<19,Ø50mm head · in-track driver,21W,2135lm,102lm/W,50°,Datasheet=https://www.esse-ci.com/en/dettaglio-prodotto/?code=14PC21K350&product_id=75783&wiring=bluetooth;Brochure=https://www.esse-ci.com/wp-content/uploads/TERES_PRO-ID_14_EN.pdf;Installation=https://www.esse-ci.com/wp-content/uploads/ISTRSPR_TERES-PRO_Binario.pdf;LDT=https://www.esse-ci.com/wp-content/uploads/TERES_PRO.zip
Teres Pro Zoom,Esse-Ci,Interior,Track Mounted,Slim 50mm zoom track spot – accent to wide beam with a simple twist.,"The zoom version of Teres Pro: an adjustable PC lens moves the beam from 10° accent to 45° wide by hand, ideal where displays change. The driver is fully concealed in the track adaptor for a 50mm head.","Adjustable PC zoom lens 10°–45°, set by hand. In-track driver (housed in the track adaptor). CoB LED. MacAdam 3. L90/B10 >50,000h. Eye safety RG0/RG1. UGR<19. Die-cast aluminium, epoxy powder coat (wrinkled finish). Standard 230–240V 50–60Hz, PF>0.97; DALI (suffix D) and Bluetooth (suffix BT) versions. Colour suffix W = White RAL 9003, BK = Black RAL 9005; other colours on request. 2700K (K27) and 5000K (K5) on request. CE, ETL. Energy class E. 5-year warranty.",3000K | 4000K,CRI>90 (CRI>95 on request),On/Off | DALI | Bluetooth,IP40,White RAL 9003 | Black RAL 9005,track,Yes,https://www.esse-ci.com/wp-content/uploads/teres-pro-zoom.jpg;https://www.esse-ci.com/wp-content/uploads/TERES-pro-ZOOM-maquette.jpg;https://www.esse-ci.com/wp-content/uploads/TERES_PRO_ZOOM_10%C2%B0.jpg,,,Head Ø50mm; driver housed in the track adaptor. See catalogue extract for full dimensions.,Teres Pro Zoom 15W 10°–45° 3000K,14ZM15K3W,White RAL 9003,https://www.esse-ci.com/wp-content/uploads/teres-pro-zoom.jpg,3000K,CRI>90,On/Off,IP40,UGR<19,Ø50mm head · in-track driver,15W,1487lm,99lm/W,10°–45°,Datasheet=https://www.esse-ci.com/en/dettaglio-prodotto/?code=14ZM15K3&product_id=75779&wiring=standard;Brochure=https://www.esse-ci.com/wp-content/uploads/TERES_PRO-ID_14_EN.pdf;Installation=https://www.esse-ci.com/wp-content/uploads/ISTRSPR_TERES-PRO_Binario.pdf;LDT=https://www.esse-ci.com/wp-content/uploads/TERES_PRO.zip
Teres Pro Zoom,,,,,,,,,,,,,,,,,,Teres Pro Zoom 15W 10°–45° 3000K,14ZM15K3BK,Black RAL 9005,https://www.esse-ci.com/wp-content/uploads/teres-pro-zoom.jpg,3000K,CRI>90,On/Off,IP40,UGR<19,Ø50mm head · in-track driver,15W,1487lm,99lm/W,10°–45°,Datasheet=https://www.esse-ci.com/en/dettaglio-prodotto/?code=14ZM15K3&product_id=75779&wiring=standard;Brochure=https://www.esse-ci.com/wp-content/uploads/TERES_PRO-ID_14_EN.pdf;Installation=https://www.esse-ci.com/wp-content/uploads/ISTRSPR_TERES-PRO_Binario.pdf;LDT=https://www.esse-ci.com/wp-content/uploads/TERES_PRO.zip
Teres Pro Zoom,,,,,,,,,,,,,,,,,,Teres Pro Zoom 15W 10°–45° 3000K DALI,14ZM15K3DW,White RAL 9003,https://www.esse-ci.com/wp-content/uploads/teres-pro-zoom.jpg,3000K,CRI>90,DALI,IP40,UGR<19,Ø50mm head · in-track driver,15W,1487lm,99lm/W,10°–45°,Datasheet=https://www.esse-ci.com/en/dettaglio-prodotto/?code=14ZM15K3&product_id=75779&wiring=dimmable;Brochure=https://www.esse-ci.com/wp-content/uploads/TERES_PRO-ID_14_EN.pdf;Installation=https://www.esse-ci.com/wp-content/uploads/ISTRSPR_TERES-PRO_Binario.pdf;LDT=https://www.esse-ci.com/wp-content/uploads/TERES_PRO.zip
Teres Pro Zoom,,,,,,,,,,,,,,,,,,Teres Pro Zoom 15W 10°–45° 3000K DALI,14ZM15K3DBK,Black RAL 9005,https://www.esse-ci.com/wp-content/uploads/teres-pro-zoom.jpg,3000K,CRI>90,DALI,IP40,UGR<19,Ø50mm head · in-track driver,15W,1487lm,99lm/W,10°–45°,Datasheet=https://www.esse-ci.com/en/dettaglio-prodotto/?code=14ZM15K3&product_id=75779&wiring=dimmable;Brochure=https://www.esse-ci.com/wp-content/uploads/TERES_PRO-ID_14_EN.pdf;Installation=https://www.esse-ci.com/wp-content/uploads/ISTRSPR_TERES-PRO_Binario.pdf;LDT=https://www.esse-ci.com/wp-content/uploads/TERES_PRO.zip
Teres Pro Zoom,,,,,,,,,,,,,,,,,,Teres Pro Zoom 15W 10°–45° 3000K Bluetooth,14ZM15K3BTW,White RAL 9003,https://www.esse-ci.com/wp-content/uploads/teres-pro-zoom.jpg,3000K,CRI>90,Bluetooth,IP40,UGR<19,Ø50mm head · in-track driver,15W,1487lm,99lm/W,10°–45°,Datasheet=files/esse-ci/14ZM15K3BT.pdf;Brochure=https://www.esse-ci.com/wp-content/uploads/TERES_PRO-ID_14_EN.pdf;Installation=https://www.esse-ci.com/wp-content/uploads/ISTRSPR_TERES-PRO_Binario.pdf;LDT=https://www.esse-ci.com/wp-content/uploads/TERES_PRO.zip
Teres Pro Zoom,,,,,,,,,,,,,,,,,,Teres Pro Zoom 15W 10°–45° 3000K Bluetooth,14ZM15K3BTBK,Black RAL 9005,https://www.esse-ci.com/wp-content/uploads/teres-pro-zoom.jpg,3000K,CRI>90,Bluetooth,IP40,UGR<19,Ø50mm head · in-track driver,15W,1487lm,99lm/W,10°–45°,Datasheet=files/esse-ci/14ZM15K3BT.pdf;Brochure=https://www.esse-ci.com/wp-content/uploads/TERES_PRO-ID_14_EN.pdf;Installation=https://www.esse-ci.com/wp-content/uploads/ISTRSPR_TERES-PRO_Binario.pdf;LDT=https://www.esse-ci.com/wp-content/uploads/TERES_PRO.zip
Teres Pro Zoom,,,,,,,,,,,,,,,,,,Teres Pro Zoom 21W 10°–45° 3000K,14ZM21K3W,White RAL 9003,https://www.esse-ci.com/wp-content/uploads/teres-pro-zoom.jpg,3000K,CRI>90,On/Off,IP40,UGR<19,Ø50mm head · in-track driver,21W,2065lm,98lm/W,10°–45°,Datasheet=https://www.esse-ci.com/en/dettaglio-prodotto/?code=14ZM21K3&product_id=75779&wiring=standard;Brochure=https://www.esse-ci.com/wp-content/uploads/TERES_PRO-ID_14_EN.pdf;Installation=https://www.esse-ci.com/wp-content/uploads/ISTRSPR_TERES-PRO_Binario.pdf;LDT=https://www.esse-ci.com/wp-content/uploads/TERES_PRO.zip
Teres Pro Zoom,,,,,,,,,,,,,,,,,,Teres Pro Zoom 21W 10°–45° 3000K,14ZM21K3BK,Black RAL 9005,https://www.esse-ci.com/wp-content/uploads/teres-pro-zoom.jpg,3000K,CRI>90,On/Off,IP40,UGR<19,Ø50mm head · in-track driver,21W,2065lm,98lm/W,10°–45°,Datasheet=https://www.esse-ci.com/en/dettaglio-prodotto/?code=14ZM21K3&product_id=75779&wiring=standard;Brochure=https://www.esse-ci.com/wp-content/uploads/TERES_PRO-ID_14_EN.pdf;Installation=https://www.esse-ci.com/wp-content/uploads/ISTRSPR_TERES-PRO_Binario.pdf;LDT=https://www.esse-ci.com/wp-content/uploads/TERES_PRO.zip
Teres Pro Zoom,,,,,,,,,,,,,,,,,,Teres Pro Zoom 21W 10°–45° 3000K DALI,14ZM21K3DW,White RAL 9003,https://www.esse-ci.com/wp-content/uploads/teres-pro-zoom.jpg,3000K,CRI>90,DALI,IP40,UGR<19,Ø50mm head · in-track driver,21W,2065lm,98lm/W,10°–45°,Datasheet=https://www.esse-ci.com/en/dettaglio-prodotto/?code=14ZM21K3&product_id=75779&wiring=dimmable;Brochure=https://www.esse-ci.com/wp-content/uploads/TERES_PRO-ID_14_EN.pdf;Installation=https://www.esse-ci.com/wp-content/uploads/ISTRSPR_TERES-PRO_Binario.pdf;LDT=https://www.esse-ci.com/wp-content/uploads/TERES_PRO.zip
Teres Pro Zoom,,,,,,,,,,,,,,,,,,Teres Pro Zoom 21W 10°–45° 3000K DALI,14ZM21K3DBK,Black RAL 9005,https://www.esse-ci.com/wp-content/uploads/teres-pro-zoom.jpg,3000K,CRI>90,DALI,IP40,UGR<19,Ø50mm head · in-track driver,21W,2065lm,98lm/W,10°–45°,Datasheet=https://www.esse-ci.com/en/dettaglio-prodotto/?code=14ZM21K3&product_id=75779&wiring=dimmable;Brochure=https://www.esse-ci.com/wp-content/uploads/TERES_PRO-ID_14_EN.pdf;Installation=https://www.esse-ci.com/wp-content/uploads/ISTRSPR_TERES-PRO_Binario.pdf;LDT=https://www.esse-ci.com/wp-content/uploads/TERES_PRO.zip
Teres Pro Zoom,,,,,,,,,,,,,,,,,,Teres Pro Zoom 21W 10°–45° 3000K Bluetooth,14ZM21K3BTW,White RAL 9003,https://www.esse-ci.com/wp-content/uploads/teres-pro-zoom.jpg,3000K,CRI>90,Bluetooth,IP40,UGR<19,Ø50mm head · in-track driver,21W,2065lm,98lm/W,10°–45°,Datasheet=https://www.esse-ci.com/en/dettaglio-prodotto/?code=14ZM21K3&product_id=75779&wiring=bluetooth;Brochure=https://www.esse-ci.com/wp-content/uploads/TERES_PRO-ID_14_EN.pdf;Installation=https://www.esse-ci.com/wp-content/uploads/ISTRSPR_TERES-PRO_Binario.pdf;LDT=https://www.esse-ci.com/wp-content/uploads/TERES_PRO.zip
Teres Pro Zoom,,,,,,,,,,,,,,,,,,Teres Pro Zoom 21W 10°–45° 3000K Bluetooth,14ZM21K3BTBK,Black RAL 9005,https://www.esse-ci.com/wp-content/uploads/teres-pro-zoom.jpg,3000K,CRI>90,Bluetooth,IP40,UGR<19,Ø50mm head · in-track driver,21W,2065lm,98lm/W,10°–45°,Datasheet=https://www.esse-ci.com/en/dettaglio-prodotto/?code=14ZM21K3&product_id=75779&wiring=bluetooth;Brochure=https://www.esse-ci.com/wp-content/uploads/TERES_PRO-ID_14_EN.pdf;Installation=https://www.esse-ci.com/wp-content/uploads/ISTRSPR_TERES-PRO_Binario.pdf;LDT=https://www.esse-ci.com/wp-content/uploads/TERES_PRO.zip
Teres Pro Zoom,,,,,,,,,,,,,,,,,,Teres Pro Zoom 15W 10°–45° 4000K,14ZM15K4W,White RAL 9003,https://www.esse-ci.com/wp-content/uploads/teres-pro-zoom.jpg,4000K,CRI>90,On/Off,IP40,UGR<19,Ø50mm head · in-track driver,15W,1635lm,109lm/W,10°–45°,Datasheet=https://www.esse-ci.com/en/dettaglio-prodotto/?code=14ZM15K4&product_id=75779&wiring=standard;Brochure=https://www.esse-ci.com/wp-content/uploads/TERES_PRO-ID_14_EN.pdf;Installation=https://www.esse-ci.com/wp-content/uploads/ISTRSPR_TERES-PRO_Binario.pdf;LDT=https://www.esse-ci.com/wp-content/uploads/TERES_PRO.zip
Teres Pro Zoom,,,,,,,,,,,,,,,,,,Teres Pro Zoom 15W 10°–45° 4000K,14ZM15K4BK,Black RAL 9005,https://www.esse-ci.com/wp-content/uploads/teres-pro-zoom.jpg,4000K,CRI>90,On/Off,IP40,UGR<19,Ø50mm head · in-track driver,15W,1635lm,109lm/W,10°–45°,Datasheet=https://www.esse-ci.com/en/dettaglio-prodotto/?code=14ZM15K4&product_id=75779&wiring=standard;Brochure=https://www.esse-ci.com/wp-content/uploads/TERES_PRO-ID_14_EN.pdf;Installation=https://www.esse-ci.com/wp-content/uploads/ISTRSPR_TERES-PRO_Binario.pdf;LDT=https://www.esse-ci.com/wp-content/uploads/TERES_PRO.zip
Teres Pro Zoom,,,,,,,,,,,,,,,,,,Teres Pro Zoom 15W 10°–45° 4000K DALI,14ZM15K4DW,White RAL 9003,https://www.esse-ci.com/wp-content/uploads/teres-pro-zoom.jpg,4000K,CRI>90,DALI,IP40,UGR<19,Ø50mm head · in-track driver,15W,1635lm,109lm/W,10°–45°,Datasheet=https://www.esse-ci.com/en/dettaglio-prodotto/?code=14ZM15K4&product_id=75779&wiring=dimmable;Brochure=https://www.esse-ci.com/wp-content/uploads/TERES_PRO-ID_14_EN.pdf;Installation=https://www.esse-ci.com/wp-content/uploads/ISTRSPR_TERES-PRO_Binario.pdf;LDT=https://www.esse-ci.com/wp-content/uploads/TERES_PRO.zip
Teres Pro Zoom,,,,,,,,,,,,,,,,,,Teres Pro Zoom 15W 10°–45° 4000K DALI,14ZM15K4DBK,Black RAL 9005,https://www.esse-ci.com/wp-content/uploads/teres-pro-zoom.jpg,4000K,CRI>90,DALI,IP40,UGR<19,Ø50mm head · in-track driver,15W,1635lm,109lm/W,10°–45°,Datasheet=https://www.esse-ci.com/en/dettaglio-prodotto/?code=14ZM15K4&product_id=75779&wiring=dimmable;Brochure=https://www.esse-ci.com/wp-content/uploads/TERES_PRO-ID_14_EN.pdf;Installation=https://www.esse-ci.com/wp-content/uploads/ISTRSPR_TERES-PRO_Binario.pdf;LDT=https://www.esse-ci.com/wp-content/uploads/TERES_PRO.zip
Teres Pro Zoom,,,,,,,,,,,,,,,,,,Teres Pro Zoom 15W 10°–45° 4000K Bluetooth,14ZM15K4BTW,White RAL 9003,https://www.esse-ci.com/wp-content/uploads/teres-pro-zoom.jpg,4000K,CRI>90,Bluetooth,IP40,UGR<19,Ø50mm head · in-track driver,15W,1635lm,109lm/W,10°–45°,Datasheet=https://www.esse-ci.com/en/dettaglio-prodotto/?code=14ZM15K4&product_id=75779&wiring=bluetooth;Brochure=https://www.esse-ci.com/wp-content/uploads/TERES_PRO-ID_14_EN.pdf;Installation=https://www.esse-ci.com/wp-content/uploads/ISTRSPR_TERES-PRO_Binario.pdf;LDT=https://www.esse-ci.com/wp-content/uploads/TERES_PRO.zip
Teres Pro Zoom,,,,,,,,,,,,,,,,,,Teres Pro Zoom 15W 10°–45° 4000K Bluetooth,14ZM15K4BTBK,Black RAL 9005,https://www.esse-ci.com/wp-content/uploads/teres-pro-zoom.jpg,4000K,CRI>90,Bluetooth,IP40,UGR<19,Ø50mm head · in-track driver,15W,1635lm,109lm/W,10°–45°,Datasheet=https://www.esse-ci.com/en/dettaglio-prodotto/?code=14ZM15K4&product_id=75779&wiring=bluetooth;Brochure=https://www.esse-ci.com/wp-content/uploads/TERES_PRO-ID_14_EN.pdf;Installation=https://www.esse-ci.com/wp-content/uploads/ISTRSPR_TERES-PRO_Binario.pdf;LDT=https://www.esse-ci.com/wp-content/uploads/TERES_PRO.zip
Teres Pro Zoom,,,,,,,,,,,,,,,,,,Teres Pro Zoom 21W 10°–45° 4000K,14ZM21K4W,White RAL 9003,https://www.esse-ci.com/wp-content/uploads/teres-pro-zoom.jpg,4000K,CRI>90,On/Off,IP40,UGR<19,Ø50mm head · in-track driver,21W,2295lm,109lm/W,10°–45°,Datasheet=https://www.esse-ci.com/en/dettaglio-prodotto/?code=14ZM21K4&product_id=75779&wiring=standard;Brochure=https://www.esse-ci.com/wp-content/uploads/TERES_PRO-ID_14_EN.pdf;Installation=https://www.esse-ci.com/wp-content/uploads/ISTRSPR_TERES-PRO_Binario.pdf;LDT=https://www.esse-ci.com/wp-content/uploads/TERES_PRO.zip
Teres Pro Zoom,,,,,,,,,,,,,,,,,,Teres Pro Zoom 21W 10°–45° 4000K,14ZM21K4BK,Black RAL 9005,https://www.esse-ci.com/wp-content/uploads/teres-pro-zoom.jpg,4000K,CRI>90,On/Off,IP40,UGR<19,Ø50mm head · in-track driver,21W,2295lm,109lm/W,10°–45°,Datasheet=https://www.esse-ci.com/en/dettaglio-prodotto/?code=14ZM21K4&product_id=75779&wiring=standard;Brochure=https://www.esse-ci.com/wp-content/uploads/TERES_PRO-ID_14_EN.pdf;Installation=https://www.esse-ci.com/wp-content/uploads/ISTRSPR_TERES-PRO_Binario.pdf;LDT=https://www.esse-ci.com/wp-content/uploads/TERES_PRO.zip
Teres Pro Zoom,,,,,,,,,,,,,,,,,,Teres Pro Zoom 21W 10°–45° 4000K DALI,14ZM21K4DW,White RAL 9003,https://www.esse-ci.com/wp-content/uploads/teres-pro-zoom.jpg,4000K,CRI>90,DALI,IP40,UGR<19,Ø50mm head · in-track driver,21W,2295lm,109lm/W,10°–45°,Datasheet=https://www.esse-ci.com/en/dettaglio-prodotto/?code=14ZM21K4&product_id=75779&wiring=dimmable;Brochure=https://www.esse-ci.com/wp-content/uploads/TERES_PRO-ID_14_EN.pdf;Installation=https://www.esse-ci.com/wp-content/uploads/ISTRSPR_TERES-PRO_Binario.pdf;LDT=https://www.esse-ci.com/wp-content/uploads/TERES_PRO.zip
Teres Pro Zoom,,,,,,,,,,,,,,,,,,Teres Pro Zoom 21W 10°–45° 4000K DALI,14ZM21K4DBK,Black RAL 9005,https://www.esse-ci.com/wp-content/uploads/teres-pro-zoom.jpg,4000K,CRI>90,DALI,IP40,UGR<19,Ø50mm head · in-track driver,21W,2295lm,109lm/W,10°–45°,Datasheet=https://www.esse-ci.com/en/dettaglio-prodotto/?code=14ZM21K4&product_id=75779&wiring=dimmable;Brochure=https://www.esse-ci.com/wp-content/uploads/TERES_PRO-ID_14_EN.pdf;Installation=https://www.esse-ci.com/wp-content/uploads/ISTRSPR_TERES-PRO_Binario.pdf;LDT=https://www.esse-ci.com/wp-content/uploads/TERES_PRO.zip
Teres Pro Zoom,,,,,,,,,,,,,,,,,,Teres Pro Zoom 21W 10°–45° 4000K Bluetooth,14ZM21K4BTW,White RAL 9003,https://www.esse-ci.com/wp-content/uploads/teres-pro-zoom.jpg,4000K,CRI>90,Bluetooth,IP40,UGR<19,Ø50mm head · in-track driver,21W,2295lm,109lm/W,10°–45°,Datasheet=https://www.esse-ci.com/en/dettaglio-prodotto/?code=14ZM21K4&product_id=75779&wiring=bluetooth;Brochure=https://www.esse-ci.com/wp-content/uploads/TERES_PRO-ID_14_EN.pdf;Installation=https://www.esse-ci.com/wp-content/uploads/ISTRSPR_TERES-PRO_Binario.pdf;LDT=https://www.esse-ci.com/wp-content/uploads/TERES_PRO.zip
Teres Pro Zoom,,,,,,,,,,,,,,,,,,Teres Pro Zoom 21W 10°–45° 4000K Bluetooth,14ZM21K4BTBK,Black RAL 9005,https://www.esse-ci.com/wp-content/uploads/teres-pro-zoom.jpg,4000K,CRI>90,Bluetooth,IP40,UGR<19,Ø50mm head · in-track driver,21W,2295lm,109lm/W,10°–45°,Datasheet=https://www.esse-ci.com/en/dettaglio-prodotto/?code=14ZM21K4&product_id=75779&wiring=bluetooth;Brochure=https://www.esse-ci.com/wp-content/uploads/TERES_PRO-ID_14_EN.pdf;Installation=https://www.esse-ci.com/wp-content/uploads/ISTRSPR_TERES-PRO_Binario.pdf;LDT=https://www.esse-ci.com/wp-content/uploads/TERES_PRO.zip
