family,render,out,line
Amata Lente S,sources/side/amata-s-lente-bl.png,images/amata-lente/amata-lente-s-slide-1.jpg,
Amata Lente M,sources/side/amata-m-lente-bl.png,images/amata-lente/amata-lente-m-slide-1.jpg,
Bebe Lente,sources/side/bebe-lente-bl.png,images/bebe-lente/bebe-lente-slide-1.jpg,0.47
Bebe Lente Swing,sources/side/bebe-lente-swing-bl.png,images/bebe-lente-swing/bebe-lente-swing-slide-1.jpg,0.6
Casa M,sources/side/casa-m-bl.png,images/casa/casa-m-slide-1.jpg,
Casa M Alto,sources/side/casa-m-alto-bl.png,images/casa/casa-m-alto-slide-1.jpg,
Casa Swing M,sources/side/casa-m-swing-bl.png,images/casa-swing/casa-swing-m-slide-1.jpg,
Casa S,sources/side/casa-s-bl.png,images/casa/casa-s-slide-1.jpg,
Casa Swing S,sources/side/casa-s-swing-bl.png,images/casa-swing/casa-swing-s-slide-1.jpg,0.62
Casa XS,sources/side/casa-xs-bl.png,images/casa/casa-xs-slide-1.jpg,
Casa Swing XS,sources/side/casa-xs-swing-bl.png,images/casa-swing/casa-swing-xs-slide-1.jpg,
Casa XXS,sources/side/casa-xxs-bl.png,images/casa/casa-xxs-slide-1.jpg,0.64
Cira,sources/side/cira-bl.png,images/cira/cira-slide-1.jpg,0.6
Mira,sources/side/mira-bl.png,images/mira/mira-slide-1.jpg,0.55
Mira Swing,sources/side/mira-swing-bl.png,images/mira-swing/mira-swing-slide-1.jpg,0.55
Poco,sources/side/poco-bl.png,images/poco/poco-slide-1.jpg,0.52
Profondo,sources/side/profondo-bl.png,images/profondo/profondo-slide-1.jpg,
Profondo Basso,sources/side/profondo-basso-bl.png,images/profondo-basso/profondo-basso-slide-1.jpg,
Profondo Basso Swing,sources/side/profondo-basso-swing-bl.png,images/profondo-basso-swing/profondo-basso-swing-slide-1.jpg,0.64
