family,size,diameter_mm,thumb
Delta Recessed Fix Deep,,70,no
Profondo Basso,,80,yes
Dea Carmenta S,,86,yes
Dea Amata XS,,44,yes
Dea Amata S,,65,yes
Dea Amata M AS,,83,yes
Dea Amata XM,,106,yes
Dea Amata L,,157,yes
Amata Lente S,,65,yes
Amata Lente M,,83,yes
Anima S,,63,yes
Anima L,,85,yes
Bebe Lente,,59,yes
Bebe Lente Swing,,59,yes
Bordo,,86,yes
Carmenta S Lente,,86,yes
Caro REC,,53,yes
Casa XXS,,38,yes
Casa XS,,45,yes
Casa S,,57,yes
Casa M,,68,yes
Casa M Alto,,68,yes
Casa Swing XS,,45,yes
Casa Swing S,,57,yes
Casa Swing M,,68,yes
Cira,,85,yes
Corpo S,,63,yes
Corpo L,,85,yes
Corsa,,110,yes
Dea Amor S,,65,yes
Dea Amor M,,83,yes
Dea Apollo,,98,yes
Dea Carmenta M,,105,yes
Dea Ceres S,,86,yes
Dea Ceres M,,105,yes
Dea Charon XS,,75,yes
Dea Chiara S,,60,yes
Dea Chiara M,,78,yes
Dea Cura XS,,40,yes
Dea Cura S,,60,yes
Dea Devi M,,78,yes
Dea Diana XS,,40,yes
Dea Diana S,,60,yes
Dea Dion M,,78,yes
Dea Durga M,,78,yes
Dea Eros XS ME-in,,78,yes
Dea Eros XS TU-in,,64,yes
Dea Eros S ME-in,,98,yes
Dea Eros S TU-in,,80,yes
Dea Hestia S,,60,yes
Dea Hestia M,,78,yes
Dea Luca S,,60,yes
Dea Luca M,,78,yes
Dea Stella S,,60,yes
Dea Stella XS,,41,yes
Dea Stella M,,78,yes
Dea Trivia S,,60,yes
Dea Trivia M,,78,yes
Dea Trivia XS,,40,yes
Diciotto,,496,yes
Dimora,,80,yes
Dodici,,337,yes
Dolcemente,,77,yes
Doppio,,220,yes
Emozione,,105,yes
Fontana S,,85,yes
Gusto Quadra,,66,yes
Gusto Rondo,,68.5,yes
Luna,,115,yes
Minimo,,89,yes
Minimo Lente,,89,yes
Mira,,40,yes
Mira Swing,,40,yes
Piazza,,110,yes
Piazza Lente,,110,yes
Poco,,20,yes
Popolare,,105,yes
Popolare Lente,,105,yes
Profondo,,105,yes
Profondo Basso Swing,,80,yes
Sei,,177,yes
Splendore,,85,yes
Tre,,98,yes
